Rk,Player,Pos,Age,Tm,G,GS,MP,FG,FGA,FG%,3P,3PA,3P%,2P,2PA,2P%,eFG%,FT,FTA,FT%,ORB,DRB,TRB,AST,STL,BLK,TOV,PF,PTS,Player-additional
1,Kareem Abdul-Jabbar*,C,39,LAL,78,78,31.3,7.2,12.7,.564,0.0,0.0,.333,7.2,12.7,.565,.564,3.1,4.4,.714,1.9,4.8,6.7,2.6,0.6,1.2,2.4,3.1,17.5,abdulka01
2,Alvan Adams,C,32,PHO,68,40,24.9,4.6,9.1,.503,0.0,0.0,.000,4.6,9.1,.504,.503,2.0,2.5,.788,1.3,3.6,5.0,3.3,0.9,0.5,2.0,3.0,11.1,adamsal01
3,Michael Adams,PG,24,WSB,63,0,20.7,2.5,6.2,.407,0.4,1.6,.275,2.1,4.6,.454,.443,1.7,2.0,.847,0.6,1.3,2.0,3.9,1.3,0.1,1.3,1.4,7.2,adamsmi01
4,Rafael Addison,SF,22,PHO,62,12,11.5,2.4,5.3,.441,0.3,0.8,.320,2.1,4.5,.463,.465,0.8,1.0,.797,0.7,1.0,1.7,0.7,0.4,0.1,0.9,1.2,5.8,addisra01
5,Mark Aguirre,SF,27,DAL,80,80,33.3,9.8,19.9,.495,0.7,1.9,.353,9.2,18.0,.510,.512,5.4,7.0,.770,2.3,3.1,5.3,3.2,1.1,0.4,2.7,3.0,25.7,aguirma01
6,Danny Ainge,SG,27,BOS,71,66,35.2,5.8,11.9,.486,1.2,2.7,.443,4.6,9.2,.498,.536,2.1,2.3,.897,0.7,2.7,3.4,5.6,1.4,0.2,2.0,2.7,14.8,aingeda01
7,Mark Alarie,PF,23,DEN,64,25,17.3,3.4,6.9,.490,0.0,0.1,.222,3.4,6.8,.495,.492,1.0,1.6,.663,1.1,2.2,3.3,1.2,0.3,0.4,0.9,2.2,7.9,alarima01
8,Richard Anderson,PF,26,HOU,51,0,6.1,1.2,2.7,.424,0.1,0.3,.250,1.1,2.4,.447,.439,0.4,0.6,.759,0.5,1.1,1.5,0.6,0.1,0.1,0.4,0.7,2.8,anderri01
9,Ron Anderson,SF,28,IND,63,0,11.4,2.2,4.7,.473,0.0,0.1,.000,2.2,4.6,.481,.473,1.3,1.7,.787,1.2,1.2,2.4,0.9,0.5,0.0,0.9,1.0,5.8,anderro01
10,John Bagley,PG,26,CLE,72,67,30.3,4.3,10.2,.426,0.4,1.4,.301,3.9,8.7,.447,.447,1.6,1.9,.831,0.8,2.7,3.5,5.3,1.3,0.1,2.3,1.6,10.7,baglejo01
11,James Bailey,PF,29,NJN,34,2,15.9,3.3,7.0,.469,0.0,0.0,,3.3,7.0,.469,.469,1.7,2.4,.725,1.4,2.6,4.0,0.6,0.4,0.7,1.6,3.5,8.3,baileja01
12,Thurl Bailey,PF,25,UTA,81,2,26.6,5.7,12.8,.447,0.0,0.0,.000,5.7,12.8,.448,.447,2.3,2.9,.805,1.8,3.5,5.3,1.3,0.5,1.1,1.5,1.9,13.8,baileth01
13,Greg Ballard,SF,32,GSW,82,7,19.3,3.0,6.9,.440,0.2,0.5,.375,2.8,6.4,.445,.453,0.8,1.1,.747,1.2,2.9,4.1,1.3,0.6,0.2,0.9,2.0,7.1,ballagr01
14,Gene Banks,SF,27,CHI,63,39,28.9,4.0,7.3,.539,0.0,0.1,.000,4.0,7.3,.545,.539,1.8,2.3,.767,1.8,3.1,4.9,2.7,0.8,0.3,1.8,2.7,9.7,banksge01
15,Charles Barkley*,PF,23,PHI,68,62,40.3,8.2,13.8,.594,0.3,1.5,.202,7.9,12.3,.643,.606,6.3,8.3,.761,5.7,8.9,14.6,4.9,1.8,1.5,4.7,3.7,23.0,barklch01
16,John Battle,SG,24,ATL,64,8,12.6,2.3,4.9,.457,0.0,0.2,.000,2.3,4.8,.472,.457,1.5,2.0,.738,0.3,0.7,0.9,1.9,0.5,0.1,0.9,1.2,6.0,battljo01
17,William Bedford,C,23,PHO,50,18,19.6,2.8,7.2,.397,0.0,0.0,.000,2.8,7.1,.398,.397,1.0,1.7,.581,1.6,3.3,4.9,1.1,0.4,0.7,1.7,2.5,6.7,bedfowi01
18,Benoit Benjamin,C,22,LAC,72,61,31.0,4.4,9.9,.449,0.0,0.0,.000,4.4,9.9,.450,.449,2.6,3.7,.715,1.9,6.3,8.1,1.9,0.8,2.6,2.6,3.5,11.5,benjabe01
19,Kent Benson,C,32,UTA,73,2,12.3,1.9,4.3,.443,0.0,0.1,.286,1.9,4.2,.447,.446,0.6,0.8,.810,1.1,2.1,3.2,0.5,0.5,0.4,0.6,1.9,4.5,bensoke01
20,Walter Berry,SF-PF,22,TOT,63,45,25.2,6.5,12.2,.531,0.0,0.0,.000,6.5,12.1,.533,.531,3.0,4.6,.649,2.2,2.7,4.9,1.7,0.6,0.6,2.4,3.1,15.9,berrywa01
20,Walter Berry,PF,22,POR,7,0,2.7,0.9,1.1,.750,0.0,0.0,,0.9,1.1,.750,.750,0.1,0.1,1.000,0.6,0.4,1.0,0.1,0.3,0.0,0.0,1.1,1.9,berrywa01
20,Walter Berry,SF,22,SAS,56,45,28.0,7.2,13.5,.529,0.0,0.1,.000,7.2,13.5,.531,.529,3.3,5.1,.648,2.4,3.0,5.4,1.9,0.6,0.7,2.7,3.4,17.6,berrywa01
21,Joe Binion,PF,25,POR,11,0,4.6,0.4,0.9,.400,0.0,0.0,,0.4,0.9,.400,.400,0.5,0.9,.600,0.7,0.9,1.6,0.1,0.2,0.2,0.3,0.5,1.3,biniojo01
22,Larry Bird*,SF,30,BOS,74,73,40.6,10.6,20.2,.525,1.2,3.0,.400,9.4,17.2,.547,.555,5.6,6.1,.910,1.7,7.5,9.2,7.6,1.8,0.9,3.2,2.5,28.1,birdla01
23,Otis Birdsong,SG,31,NJN,7,6,18.1,2.7,6.0,.452,0.0,0.1,.000,2.7,5.9,.463,.452,0.9,1.3,.667,0.4,0.6,1.0,2.4,0.4,0.0,1.3,2.3,6.3,birdsot01
24,Uwe Blab,C,24,DAL,30,0,5.3,0.7,1.7,.392,0.0,0.0,,0.7,1.7,.392,.392,0.4,0.9,.464,0.4,0.8,1.2,0.4,0.1,0.3,0.5,1.1,1.8,blabuw01
25,Rolando Blackman,SG,27,DAL,80,80,34.5,7.8,15.8,.495,0.1,0.2,.333,7.8,15.6,.497,.497,5.2,5.9,.884,1.2,2.3,3.5,3.3,0.8,0.3,2.2,1.8,21.0,blackro01
26,Manute Bol,C,24,WSB,82,12,18.9,1.3,2.8,.446,0.0,0.0,.000,1.3,2.8,.448,.446,0.5,0.8,.672,1.0,3.4,4.4,0.1,0.2,3.7,0.7,2.3,3.1,bolma01
27,Sam Bowie,C,25,POR,5,5,32.6,6.0,13.2,.455,0.0,0.0,,6.0,13.2,.455,.455,4.0,6.0,.667,2.8,3.8,6.6,1.8,0.2,2.0,3.0,3.8,16.0,bowiesa01
28,Dudley Bradley,SG,29,MIL,68,2,13.2,1.1,3.1,.357,0.2,0.7,.260,0.9,2.4,.387,.387,0.7,0.9,.810,0.5,1.0,1.5,1.0,1.5,0.1,0.5,1.7,3.1,bradldu01
29,Adrian Branch,SF,23,LAL,32,0,6.8,1.5,3.0,.500,0.0,0.1,.000,1.5,2.9,.511,.500,1.3,1.7,.778,0.7,0.9,1.7,0.5,0.5,0.1,0.8,1.2,4.3,brancad01
30,Randy Breuer,C,26,MIL,76,10,19.3,3.2,6.5,.485,0.0,0.0,,3.2,6.5,.485,.485,1.6,2.7,.584,1.7,2.9,4.6,0.6,0.7,0.8,1.3,3.0,7.9,breuera01
31,Frank Brickowski,PF-C,27,TOT,44,0,11.1,1.4,2.8,.508,0.0,0.1,.000,1.4,2.7,.525,.508,1.1,1.6,.714,1.1,1.5,2.6,0.4,0.5,0.1,0.7,2.7,4.0,brickfr01
31,Frank Brickowski,PF,27,LAL,37,0,10.9,1.4,2.5,.564,0.0,0.0,,1.4,2.5,.564,.564,1.1,1.6,.678,1.1,1.5,2.6,0.3,0.4,0.1,0.7,2.8,3.9,brickfr01
31,Frank Brickowski,C,27,SAS,7,0,11.9,1.4,4.3,.333,0.0,0.6,.000,1.4,3.7,.385,.333,1.4,1.6,.909,1.1,1.6,2.7,0.7,0.9,0.3,1.0,1.9,4.3,brickfr01
32,Junior Bridgeman,SF,33,MIL,34,4,12.3,2.3,5.0,.462,0.0,0.2,.167,2.3,4.9,.473,.465,0.5,0.6,.800,0.4,1.1,1.5,1.0,0.3,0.1,0.4,1.5,5.1,bridgju01
33,Mike Brittain,C,23,SAS,6,0,4.8,0.7,1.5,.444,0.0,0.0,,0.7,1.5,.444,.444,0.2,0.3,.500,0.3,0.3,0.7,0.3,0.2,0.0,0.3,0.5,1.5,brittmi01
34,Michael Brooks,SF,28,IND,10,0,14.8,1.3,3.7,.351,0.0,0.0,,1.3,3.7,.351,.351,0.7,1.0,.700,0.9,1.9,2.8,1.1,0.9,0.0,1.1,1.9,3.3,brookmi01
35,Mike Brown,C,23,CHI,62,3,13.2,1.7,3.2,.527,0.0,0.0,,1.7,3.2,.527,.527,0.7,1.2,.639,1.1,2.3,3.5,0.4,0.3,0.1,1.0,2.1,4.2,brownmi01
36,Tony Brown,SG,26,NJN,77,67,30.4,4.6,10.5,.442,0.1,0.3,.250,4.6,10.3,.447,.445,2.0,2.7,.738,1.1,1.8,2.8,3.4,1.2,0.2,2.0,3.5,11.3,brownto01
37,Michael Cage,PF,25,LAC,80,76,36.5,5.7,11.0,.521,0.0,0.0,.000,5.7,10.9,.522,.521,4.3,5.8,.730,4.4,7.1,11.5,1.6,1.2,0.8,2.1,2.8,15.7,cagemi01
38,Tony Campbell,SF,24,DET,40,0,8.3,1.4,3.6,.393,0.0,0.1,.000,1.4,3.6,.401,.393,0.6,1.0,.615,0.5,0.9,1.5,0.5,0.3,0.0,0.9,1.0,3.5,campbto01
39,Rick Carlisle,SG,27,BOS,42,0,7.1,0.7,2.2,.326,0.1,0.4,.313,0.6,1.8,.329,.353,0.4,0.5,.750,0.2,0.5,0.7,0.8,0.2,0.0,0.6,0.7,1.9,carliri01
40,Antoine Carr,PF,25,ATL,65,2,10.7,2.1,4.1,.506,0.0,0.0,.333,2.0,4.0,.508,.508,1.1,1.6,.709,0.9,1.5,2.4,0.5,0.2,0.7,0.6,2.2,5.3,carran01
41,Kenny Carr,PF,31,POR,49,43,29.4,4.1,8.1,.504,0.0,0.0,.000,4.1,8.1,.506,.504,2.6,3.4,.746,2.7,7.5,10.2,1.7,0.6,0.3,2.1,3.2,10.8,carrke01
42,Joe Barry Carroll,C,28,GSW,81,81,33.6,8.5,18.0,.472,0.0,0.0,,8.5,18.0,.472,.472,4.2,5.3,.787,2.1,5.1,7.3,2.6,1.1,1.5,2.8,3.1,21.2,carrojo01
43,Bill Cartwright,C,29,NYK,58,50,34.3,5.8,10.9,.531,0.0,0.0,,5.8,10.9,.531,.531,6.0,7.6,.790,2.3,5.4,7.7,1.7,0.7,0.4,2.2,3.2,17.5,cartwbi01
44,Terry Catledge,PF,23,WSB,78,77,27.6,5.3,10.7,.495,0.0,0.1,.000,5.3,10.7,.497,.495,2.6,4.3,.594,3.2,4.0,7.2,0.7,0.6,0.2,1.9,2.5,13.1,catlete01
45,Tom Chambers,PF,27,SEA,82,82,36.8,8.0,17.6,.456,0.7,1.8,.372,7.4,15.9,.466,.475,6.5,7.7,.849,2.0,4.7,6.6,3.0,1.0,0.6,3.3,3.7,23.3,chambto01
46,Maurice Cheeks*,PG,30,PHI,68,68,38.6,6.1,11.6,.527,0.1,0.3,.235,6.0,11.3,.533,.529,3.3,4.3,.777,0.7,2.5,3.2,7.9,2.6,0.2,2.5,1.6,15.6,cheekma01
47,Fred Cofield,PG,25,CHI,5,0,5.4,0.4,2.2,.182,0.0,0.2,.000,0.4,2.0,.200,.182,0.0,0.0,,0.2,0.8,1.0,0.8,0.4,0.0,0.2,0.2,0.8,cofiefr01
48,Ben Coleman,C,25,NJN,68,7,15.1,2.7,4.6,.581,0.0,0.0,.000,2.7,4.6,.583,.581,1.3,1.8,.727,1.5,2.8,4.2,0.5,0.5,0.5,1.4,2.9,6.6,colembe01
49,Don Collins,SF,28,MIL,6,0,9.5,1.7,4.7,.357,0.0,0.0,,1.7,4.7,.357,.357,0.8,1.2,.714,1.8,0.7,2.5,0.3,0.3,0.2,0.8,1.8,4.2,collido02
50,Steve Colter,PG,24,TOT,70,31,18.9,2.4,5.7,.426,0.1,0.2,.235,2.4,5.4,.434,.431,1.2,1.5,.766,0.3,1.2,1.5,3.0,0.8,0.2,1.0,1.4,6.1,coltest01
50,Steve Colter,PG,24,CHI,27,18,17.5,1.8,5.3,.345,0.0,0.3,.000,1.8,4.9,.368,.345,1.2,1.4,.846,0.3,1.2,1.6,3.5,0.7,0.2,1.2,1.4,4.9,coltest01
50,Steve Colter,PG,24,PHI,43,13,19.7,2.8,5.9,.471,0.1,0.2,.500,2.7,5.7,.470,.478,1.1,1.6,.721,0.3,1.2,1.5,2.7,0.9,0.1,0.9,1.4,6.8,coltest01
51,Darwin Cook,SG,28,WSB,82,2,17.3,3.2,7.6,.426,0.0,0.3,.087,3.2,7.3,.439,.428,1.0,1.3,.796,0.6,1.2,1.8,1.8,1.2,0.2,1.2,1.7,7.5,cookda01
52,Michael Cooper*,SG,30,LAL,82,2,27.5,3.9,9.0,.438,1.1,2.8,.385,2.8,6.2,.461,.498,1.5,1.8,.851,0.7,2.4,3.1,4.5,1.0,0.5,1.2,2.4,10.5,coopemi01
53,Wayne Cooper,C,30,DEN,69,64,22.6,3.4,7.6,.448,0.0,0.0,.000,3.4,7.6,.451,.448,1.1,1.6,.725,2.3,4.5,6.9,1.0,0.2,1.5,1.1,3.7,8.0,coopewa01
54,Tyrone Corbin,SF,24,TOT,63,15,18.6,2.5,6.0,.409,0.0,0.1,.250,2.5,6.0,.411,.411,1.4,2.0,.734,1.4,2.0,3.4,1.5,0.9,0.1,1.0,2.0,6.4,corbity01
54,Tyrone Corbin,SF,24,SAS,31,15,23.6,3.6,8.5,.428,0.0,0.0,,3.6,8.5,.428,.428,1.6,2.2,.731,1.7,2.2,3.8,2.6,1.2,0.1,1.5,2.6,8.9,corbity01
54,Tyrone Corbin,SF,24,CLE,32,0,13.7,1.3,3.7,.368,0.0,0.1,.250,1.3,3.5,.372,.372,1.3,1.8,.737,1.1,1.9,3.0,0.5,0.5,0.1,0.6,1.5,4.0,corbity01
55,Dave Corzine,C,30,CHI,82,39,27.9,3.6,7.5,.475,0.0,0.1,.000,3.6,7.5,.479,.475,1.2,1.6,.736,2.4,4.2,6.6,2.5,0.5,1.1,1.4,2.5,8.3,corzida01
56,Pat Cummings,PF,30,NYK,49,11,21.6,3.5,7.8,.450,0.0,0.0,,3.5,7.8,.450,.450,1.6,2.2,.718,2.5,3.9,6.4,0.8,0.5,0.1,1.7,3.0,8.6,cummipa01
57,Terry Cummings,PF,25,MIL,82,77,33.8,8.9,17.4,.511,0.0,0.0,.000,8.9,17.4,.512,.511,3.0,4.6,.662,2.6,5.9,8.5,2.8,1.6,1.0,2.1,3.6,20.8,cummite01
58,Earl Cureton,C,29,TOT,78,47,25.3,3.1,6.5,.476,0.0,0.0,.000,3.1,6.5,.478,.476,1.1,1.9,.539,2.7,3.1,5.8,1.6,0.4,0.7,1.0,2.4,7.3,curetea01
58,Earl Cureton,C,29,CHI,43,36,25.7,3.0,6.4,.467,0.0,0.0,.000,3.0,6.4,.469,.467,0.9,1.7,.534,2.6,2.7,5.3,1.6,0.3,0.6,1.0,2.4,6.9,curetea01
58,Earl Cureton,C,29,LAC,35,11,24.8,3.3,6.7,.487,0.0,0.0,.000,3.3,6.7,.489,.487,1.2,2.3,.544,2.8,3.6,6.4,1.5,0.5,0.9,1.0,2.5,7.7,curetea01
59,Dell Curry,SG,22,UTA,67,0,9.5,2.1,4.9,.426,0.3,0.9,.283,1.8,4.0,.459,.452,0.4,0.6,.789,0.4,0.7,1.2,0.9,0.4,0.1,0.7,1.3,4.9,curryde01
60,Quintin Dailey,SG,26,LAC,49,5,18.9,4.1,10.0,.407,0.0,0.2,.100,4.1,9.8,.414,.408,2.4,3.2,.768,0.7,1.0,1.7,1.6,0.9,0.2,1.4,2.3,10.6,dailequ01
61,Adrian Dantley*,SF,31,DET,81,81,33.8,7.4,13.9,.534,0.0,0.1,.167,7.4,13.8,.536,.534,6.7,8.2,.812,1.3,2.8,4.1,2.0,0.8,0.1,2.2,2.4,21.5,dantlad01
62,Brad Daugherty,C,21,CLE,80,80,33.7,6.1,11.3,.538,0.0,0.0,,6.1,11.3,.538,.538,3.5,5.0,.696,1.9,6.2,8.1,3.8,0.6,0.8,3.1,3.1,15.7,daughbr01
63,Brad Davis,PG,31,DAL,82,6,19.3,2.4,5.3,.456,0.4,1.3,.302,2.0,4.0,.506,.493,1.8,2.1,.860,0.3,1.1,1.4,4.5,0.8,0.1,1.4,1.9,7.0,davisbr01
64,Walter Davis*,SG,32,PHO,79,79,33.5,9.9,19.2,.514,0.3,1.0,.259,9.6,18.2,.529,.521,3.6,4.2,.862,1.1,1.9,3.1,4.6,1.2,0.1,2.9,2.3,23.6,daviswa03
65,Darryl Dawkins,C,30,NJN,6,2,17.7,3.3,5.3,.625,0.0,0.0,,3.3,5.3,.625,.625,2.8,4.0,.708,1.5,1.7,3.2,0.3,0.3,0.5,2.5,4.2,9.5,dawkida01
66,Johnny Dawkins,PG,23,SAS,81,14,20.8,4.1,9.4,.437,0.2,0.6,.298,4.0,8.9,.446,.446,1.9,2.4,.801,0.7,1.4,2.1,3.6,0.8,0.0,1.5,1.5,10.3,dawkijo01
67,Darren Daye,SF,26,TOT,62,2,11.8,1.6,3.3,.500,0.0,0.0,,1.6,3.3,.500,.500,0.5,1.0,.523,0.6,1.4,2.0,1.2,0.4,0.1,0.9,1.6,3.8,dayeda01
67,Darren Daye,SF,26,CHI,1,0,7.0,0.0,0.0,,0.0,0.0,,0.0,0.0,,,0.0,0.0,,0.0,1.0,1.0,1.0,0.0,0.0,1.0,2.0,0.0,dayeda01
67,Darren Daye,SF,26,BOS,61,2,11.9,1.7,3.3,.500,0.0,0.0,,1.7,3.3,.500,.500,0.6,1.1,.523,0.6,1.4,2.0,1.2,0.4,0.1,0.9,1.6,3.9,dayeda01
68,James Donaldson,C,29,DAL,82,82,36.9,3.8,6.5,.586,0.0,0.0,,3.8,6.5,.586,.586,3.3,4.0,.812,3.6,8.3,11.9,0.8,0.6,1.7,1.3,2.3,10.8,donalja01
69,Bruce Douglas,SG,22,SAC,8,1,12.3,0.9,3.0,.292,0.0,0.1,.000,0.9,2.9,.304,.292,0.0,0.5,.000,0.6,1.1,1.8,2.1,1.1,0.0,1.1,1.1,1.8,douglbr01
70,Greg Dreiling,C,24,IND,24,0,5.3,0.7,1.5,.432,0.0,0.0,,0.7,1.5,.432,.432,0.4,0.5,.833,0.5,1.3,1.8,0.3,0.1,0.1,0.3,1.8,1.8,dreilgr01
71,Larry Drew,PG,28,LAC,60,22,26.1,4.9,11.4,.432,0.2,1.2,.167,4.7,10.2,.463,.441,2.3,2.8,.837,0.4,1.3,1.7,5.4,1.0,0.0,2.5,1.8,12.4,drewla01
72,Clyde Drexler*,SG,24,POR,82,82,38.0,8.6,17.2,.502,0.1,0.6,.234,8.5,16.6,.511,.506,4.4,5.7,.760,2.8,3.5,6.3,6.9,2.5,0.9,3.1,3.4,21.7,drexlcl01
73,Kevin Duckworth,C,22,TOT,65,1,13.5,2.0,4.2,.476,0.0,0.0,.000,2.0,4.2,.478,.476,1.4,2.1,.687,1.2,2.3,3.4,0.4,0.3,0.3,1.2,3.0,5.4,duckwke01
73,Kevin Duckworth,C,22,SAS,14,1,8.7,1.3,3.2,.400,0.0,0.0,,1.3,3.2,.400,.400,0.6,1.0,.643,0.9,1.3,2.2,0.4,0.4,0.2,0.3,1.9,3.2,duckwke01
73,Kevin Duckworth,C,22,POR,51,0,14.8,2.2,4.5,.491,0.0,0.0,.000,2.2,4.5,.493,.491,1.6,2.4,.692,1.2,2.5,3.8,0.5,0.3,0.4,1.5,3.2,6.0,duckwke01
74,Joe Dumars*,SG,23,DET,79,75,30.9,4.7,9.5,.493,0.1,0.3,.409,4.6,9.2,.495,.499,2.3,3.1,.748,0.6,1.5,2.1,4.5,1.1,0.1,2.2,2.5,11.8,dumarjo01
75,T.R. Dunn,SG,31,DEN,81,53,23.9,1.5,3.4,.428,0.0,0.0,.000,1.5,3.4,.431,.428,0.4,0.7,.655,1.1,2.1,3.3,1.8,1.2,0.3,0.4,2.0,3.4,dunntr01
76,Mark Eaton,C,30,UTA,79,79,31.7,3.0,7.4,.400,0.0,0.0,,3.0,7.4,.400,.400,1.8,2.7,.657,2.7,6.2,8.8,1.3,0.5,4.1,1.8,3.5,7.7,eatonma01
77,Jerry Eaves,PG,27,SAC,3,0,8.7,0.3,2.7,.125,0.0,0.0,,0.3,2.7,.125,.125,0.7,0.7,1.000,0.3,0.0,0.3,0.0,0.3,0.0,0.7,2.0,1.3,eavesje01
78,Franklin Edwards,PG,27,SAC,8,0,15.3,1.1,4.0,.281,0.0,0.5,.000,1.1,3.5,.321,.281,1.3,1.8,.714,0.3,1.0,1.3,3.6,0.6,0.0,2.1,0.9,3.5,edwarfr01
79,James Edwards,C,31,PHO,14,9,21.7,4.1,7.9,.518,0.0,0.0,,4.1,7.9,.518,.518,3.9,5.0,.771,1.4,2.9,4.3,1.4,0.4,0.5,1.1,3.0,12.0,edwarja01
80,Craig Ehlo,SG,25,CLE,44,15,20.2,2.3,5.4,.414,0.1,0.7,.172,2.1,4.8,.448,.425,1.6,2.3,.707,1.3,2.4,3.7,2.1,0.9,0.7,1.4,1.8,6.2,ehlocr01
81,Dale Ellis,SG,26,SEA,82,76,37.5,9.6,18.5,.516,1.0,2.9,.358,8.5,15.6,.546,.545,4.7,6.0,.787,2.3,3.2,5.5,2.9,1.3,0.4,2.9,3.3,24.9,ellisda01
82,Chris Engler,C,27,TOT,30,0,6.5,0.8,1.7,.451,0.0,0.0,,0.8,1.7,.451,.451,0.4,0.5,.750,0.8,1.1,1.9,0.3,0.2,0.4,0.4,1.1,1.9,englech01
82,Chris Engler,C,27,POR,7,0,2.4,0.6,1.1,.500,0.0,0.0,,0.6,1.1,.500,.500,0.4,0.4,1.000,0.9,0.3,1.1,0.1,0.1,0.1,0.3,0.0,1.6,englech01
82,Chris Engler,C,27,MIL,5,0,9.6,0.6,2.4,.250,0.0,0.0,,0.6,2.4,.250,.250,0.2,0.2,1.000,0.6,2.6,3.2,0.6,0.2,0.2,0.0,2.0,1.4,englech01
82,Chris Engler,C,27,NJN,18,0,7.2,0.9,1.7,.516,0.0,0.0,,0.9,1.7,.516,.516,0.4,0.7,.667,0.8,1.1,1.8,0.2,0.2,0.5,0.6,1.3,2.2,englech01
83,Alex English*,SF,33,DEN,82,82,37.6,11.8,23.4,.503,0.0,0.2,.267,11.7,23.2,.504,.504,5.0,5.9,.844,1.8,2.4,4.2,5.1,0.9,0.3,2.6,2.6,28.6,englial01
84,Julius Erving*,SG,36,PHI,60,60,32.0,6.7,14.2,.471,0.2,0.9,.264,6.4,13.3,.484,.479,3.2,3.9,.813,1.9,2.5,4.4,3.2,1.3,1.6,2.6,2.3,16.8,ervinju01
85,Mike Evans,SG,31,DEN,81,4,19.3,4.1,9.0,.458,0.7,2.1,.314,3.5,6.9,.502,.495,1.2,1.5,.780,0.4,1.1,1.6,2.3,1.0,0.1,1.3,1.8,10.1,evansmi01
86,Patrick Ewing*,PF,24,NYK,63,63,35.0,8.4,16.7,.503,0.0,0.1,.000,8.4,16.6,.507,.503,4.7,6.6,.713,2.5,6.3,8.8,1.7,1.4,2.3,3.6,3.9,21.5,ewingpa01
87,Dave Feitl,C,24,HOU,62,1,8.0,1.4,3.3,.436,0.0,0.0,.000,1.4,3.2,.438,.436,0.9,1.1,.746,0.6,1.3,1.9,0.4,0.1,0.1,0.6,1.3,3.7,feitlda01
88,Kenny Fields,SF,24,TOT,48,17,18.4,3.3,7.3,.452,0.1,0.3,.250,3.3,7.1,.459,.456,1.5,2.0,.777,1.3,1.8,3.1,1.3,0.7,0.2,1.1,2.6,8.2,fieldke01
88,Kenny Fields,SF,24,MIL,4,0,5.5,1.5,2.0,.750,0.0,0.0,,1.5,2.0,.750,.750,0.3,1.3,.200,0.0,0.5,0.5,0.3,0.3,0.0,0.3,0.8,3.3,fieldke01
88,Kenny Fields,SF,24,LAC,44,17,19.6,3.5,7.8,.445,0.1,0.3,.250,3.4,7.5,.452,.449,1.6,2.0,.809,1.4,1.9,3.3,1.4,0.7,0.3,1.2,2.7,8.7,fieldke01
89,Vern Fleming,PG,24,IND,82,82,31.1,4.5,8.9,.509,0.0,0.1,.200,4.5,8.7,.513,.510,2.9,3.7,.788,1.3,2.7,4.1,5.8,1.3,0.2,2.0,2.7,12.0,flemive01
90,Sleepy Floyd,PG,26,GSW,82,82,37.4,6.1,12.6,.488,0.9,2.3,.384,5.2,10.2,.512,.524,5.6,6.5,.860,0.7,2.6,3.3,10.3,1.8,0.2,3.4,2.4,18.8,floydsl01
91,World B. Free,SG,33,PHI,20,2,14.3,2.0,6.2,.317,0.1,0.5,.222,1.9,5.7,.325,.325,1.8,2.4,.766,0.3,0.7,1.0,1.5,0.3,0.2,0.9,1.3,5.8,freewo01
92,Kenny Gattison,PF,22,PHO,77,14,14.3,1.9,4.0,.476,0.0,0.0,.000,1.9,4.0,.481,.476,1.4,2.2,.632,1.1,2.4,3.5,0.5,0.3,0.4,1.1,2.3,5.2,gattike01
93,Artis Gilmore*,C,37,SAS,82,74,29.3,4.2,7.1,.597,0.0,0.0,,4.2,7.1,.597,.597,3.0,4.3,.680,2.3,4.8,7.1,1.8,0.5,1.2,2.2,2.9,11.4,gilmoar01
94,Mike Glenn,SG,31,MIL,4,0,8.5,1.3,3.3,.385,0.0,0.0,,1.3,3.3,.385,.385,1.3,1.8,.714,0.0,0.5,0.5,0.3,0.3,0.0,0.0,0.8,3.8,glennmi01
95,Mike Gminski,C,27,NJN,72,66,31.6,6.0,13.2,.457,0.0,0.0,,6.0,13.2,.457,.457,4.3,5.1,.846,2.7,6.1,8.8,1.4,0.7,1.0,1.8,2.2,16.4,gminsmi01
96,Grant Gondrezick,SG,24,PHO,64,1,13.1,2.1,4.7,.450,0.1,0.3,.235,2.0,4.4,.463,.457,1.2,1.7,.701,0.7,1.0,1.7,1.3,0.4,0.1,0.9,1.4,5.5,gondrgr01
97,Lancaster Gordon,SG,24,LAC,70,4,16.1,3.2,7.8,.406,0.2,0.7,.292,3.0,7.1,.416,.418,1.0,1.4,.737,0.9,0.9,1.8,2.0,0.9,0.2,1.5,1.5,7.5,gordola01
98,Stewart Granger,PG,25,NYK,15,0,11.1,1.3,3.6,.370,0.0,0.2,.000,1.3,3.4,.392,.370,0.6,0.7,.818,0.4,0.7,1.1,1.8,0.5,0.1,1.5,1.1,3.3,grangst01
99,Stuart Gray,C,23,IND,55,1,8.3,0.7,1.8,.406,0.0,0.0,,0.7,1.8,.406,.406,0.5,0.7,.718,0.7,1.6,2.3,0.5,0.2,0.5,0.7,1.7,2.0,grayst01
100,A.C. Green,PF,23,LAL,79,72,28.4,4.0,7.4,.538,0.0,0.1,.000,4.0,7.4,.543,.538,2.8,3.6,.780,2.7,5.1,7.8,1.1,0.9,1.0,1.3,2.2,10.8,greenac01
101,Kenny Green,SF,22,PHI,19,0,9.1,1.3,3.7,.357,0.0,0.0,,1.3,3.7,.357,.357,0.7,1.0,.737,0.3,1.2,1.5,0.4,0.2,0.1,0.8,0.4,3.4,greenke02
102,Rickey Green,PG,32,UTA,81,80,25.8,3.7,8.0,.467,0.1,0.2,.368,3.6,7.7,.470,.473,2.1,2.6,.827,0.5,1.5,2.0,6.7,1.4,0.0,1.6,1.3,9.6,greenri01
103,Sidney Green,PF,26,DET,80,69,22.4,3.2,6.8,.472,0.0,0.0,.000,3.2,6.8,.474,.472,1.5,2.2,.672,2.5,5.7,8.2,0.8,0.5,0.6,1.6,2.5,7.9,greensi02
104,Dave Greenwood,PF,29,SAS,79,78,32.7,4.3,8.3,.513,0.0,0.1,.500,4.2,8.2,.513,.515,3.1,3.9,.785,3.2,6.7,9.9,3.0,0.9,0.6,2.0,3.1,11.6,greenda01
105,Darrell Griffith,SG,28,UTA,76,10,24.3,6.1,13.7,.446,0.9,2.6,.335,5.2,11.0,.473,.478,2.0,2.8,.703,1.1,1.9,3.0,1.7,1.3,0.4,1.8,2.2,15.0,griffda01
106,Bob Hansen,SG,26,UTA,72,72,20.2,3.8,8.3,.453,0.2,0.6,.356,3.6,7.7,.460,.466,1.9,2.5,.760,1.2,1.7,2.8,1.4,0.6,0.1,1.1,2.0,9.7,hansebo01
107,Bill Hanzlik,PF,29,DEN,73,10,27.3,4.2,10.2,.412,0.3,1.1,.275,3.9,9.1,.428,.426,4.3,5.5,.786,1.1,2.4,3.5,3.8,1.2,0.4,1.8,3.4,13.0,hanzlbi01
108,Derek Harper,PG,25,DAL,77,76,33.2,6.5,12.9,.501,1.0,2.8,.358,5.5,10.1,.539,.539,2.1,3.0,.684,0.7,1.9,2.6,7.9,2.2,0.3,1.8,2.5,16.0,harpede01
109,Ron Harper,SG,23,CLE,82,82,37.4,9.0,19.7,.455,0.2,1.1,.213,8.7,18.5,.470,.461,4.7,6.9,.684,2.1,2.7,4.8,4.8,2.5,1.0,4.2,3.0,22.9,harpero01
110,Steve Harris,SG,23,HOU,74,3,15.9,3.4,8.1,.419,0.0,0.1,.000,3.4,8.0,.425,.419,1.5,1.8,.854,1.0,1.3,2.3,1.4,0.5,0.2,1.0,1.5,8.3,harrist01
111,Scott Hastings,PF,26,ATL,40,0,6.4,0.6,1.7,.338,0.1,0.3,.167,0.5,1.4,.375,.353,0.6,0.7,.793,0.4,1.4,1.8,0.3,0.3,0.2,0.3,0.9,1.8,hastisc01
112,Cedric Henderson,PF,21,TOT,8,0,2.0,0.5,1.0,.500,0.0,0.0,,0.5,1.0,.500,.500,0.4,0.4,1.000,0.4,0.6,1.0,0.0,0.0,0.0,0.5,0.3,1.4,hendece01
112,Cedric Henderson,PF,21,ATL,6,0,1.7,0.3,0.8,.400,0.0,0.0,,0.3,0.8,.400,.400,0.2,0.2,1.000,0.3,0.2,0.5,0.0,0.0,0.0,0.2,0.2,0.8,hendece01
112,Cedric Henderson,PF,21,MIL,2,0,3.0,1.0,1.5,.667,0.0,0.0,,1.0,1.5,.667,.667,1.0,1.0,1.000,0.5,2.0,2.5,0.0,0.0,0.0,1.5,0.5,3.0,hendece01
113,Gerald Henderson,PG,31,TOT,74,59,27.6,4.0,9.1,.442,0.3,1.0,.247,3.8,8.1,.467,.456,2.6,3.1,.826,0.7,1.7,2.4,6.4,1.4,0.1,2.3,2.8,10.9,hendege01
113,Gerald Henderson,PG,31,SEA,6,6,25.8,4.2,8.3,.500,0.0,0.5,.000,4.2,7.8,.532,.500,2.8,3.0,.944,1.0,0.5,1.5,5.3,1.0,0.0,2.5,2.8,11.2,hendege01
113,Gerald Henderson,PG,31,NYK,68,53,27.8,4.0,9.2,.438,0.3,1.1,.257,3.7,8.1,.462,.453,2.5,3.1,.816,0.6,1.8,2.4,6.5,1.4,0.2,2.3,2.8,10.9,hendege01
114,Jerome Henderson,PF,27,MIL,6,0,6.0,0.7,2.2,.308,0.0,0.0,,0.7,2.2,.308,.308,0.7,0.7,1.000,0.3,0.8,1.2,0.0,0.2,0.2,1.0,2.0,2.0,hendeje01
115,Kevin Henderson,PG,22,GSW,5,0,9.0,0.6,1.6,.375,0.0,0.0,,0.6,1.6,.375,.375,0.4,0.4,1.000,0.2,0.4,0.6,2.2,0.2,0.0,0.8,1.8,1.6,hendeke01
116,Conner Henry,SG,23,TOT,54,0,6.0,0.9,2.5,.338,0.2,0.8,.310,0.6,1.7,.351,.386,0.3,0.5,.630,0.1,0.5,0.6,0.6,0.2,0.0,0.5,0.6,2.3,henryco01
116,Conner Henry,SG,23,HOU,18,0,5.1,0.4,1.8,.242,0.1,0.6,.091,0.4,1.2,.318,.258,0.4,0.6,.700,0.0,0.4,0.4,0.4,0.2,0.0,0.5,0.4,1.3,henryco01
116,Conner Henry,SG,23,BOS,36,0,6.4,1.1,2.9,.369,0.3,0.9,.387,0.7,2.0,.361,.427,0.3,0.5,.588,0.2,0.6,0.8,0.8,0.2,0.0,0.5,0.8,2.7,henryco01
117,Rod Higgins,SF,27,GSW,73,28,20.5,2.9,5.6,.519,0.0,0.2,.176,2.9,5.4,.534,.523,2.7,3.3,.833,1.0,2.3,3.2,1.3,0.5,0.3,1.0,2.0,8.6,higgiro01
118,Roy Hinson,SF,25,PHI,76,58,32.8,5.2,10.8,.478,0.0,0.0,.000,5.2,10.8,.478,.478,3.6,4.7,.758,2.0,4.4,6.4,0.8,0.6,2.1,2.0,3.7,13.9,hinsoro01
119,Craig Hodges,PG,26,MIL,78,43,27.5,4.0,8.7,.462,1.1,2.9,.373,2.9,5.8,.507,.524,1.7,1.9,.891,0.6,1.2,1.8,3.1,1.0,0.1,1.6,2.4,10.8,hodgecr01
120,Michael Holton,PG,25,POR,58,1,8.3,1.2,2.9,.409,0.1,0.4,.304,1.1,2.6,.426,.430,0.8,0.9,.800,0.2,0.5,0.7,1.3,0.3,0.0,0.7,0.9,3.3,holtomi01
121,Jeff Hornacek,SG,23,PHO,80,3,19.5,2.0,4.4,.454,0.2,0.5,.279,1.8,3.8,.479,.471,1.2,1.5,.777,0.5,1.8,2.3,4.5,0.9,0.1,1.9,1.6,5.3,hornaje01
122,Phil Hubbard,SF,30,CLE,68,68,30.6,4.7,8.9,.531,0.0,0.1,.000,4.7,8.8,.534,.531,2.4,4.0,.596,2.6,3.1,5.7,2.0,1.0,0.1,2.3,3.3,11.8,hubbaph01
123,Jay Humphries,PG,24,PHO,82,82,31.5,4.4,9.2,.477,0.1,0.3,.185,4.3,8.9,.488,.480,2.4,3.2,.769,0.8,2.4,3.2,7.7,1.4,0.1,2.4,2.9,11.3,humphja01
124,Geoff Huston,PG,29,LAC,19,8,22.5,2.9,6.4,.455,0.1,0.1,.500,2.8,6.3,.454,.459,0.9,1.8,.529,0.3,0.6,0.9,5.3,0.7,0.0,2.4,1.5,6.8,hustoge01
125,Marc Iavaroni,PF,30,UTA,78,0,10.8,1.3,2.8,.465,0.0,0.1,.000,1.3,2.7,.474,.465,1.0,1.5,.672,0.8,1.4,2.2,0.5,0.2,0.1,0.7,2.0,3.6,iavarma01
126,Myron Jackson,PG,22,DAL,8,0,2.8,0.3,1.1,.222,0.0,0.0,,0.3,1.1,.222,.222,0.9,1.0,.875,0.1,0.3,0.4,0.8,0.1,0.0,0.6,0.1,1.4,jacksmy01
127,Buck Johnson,SF,23,HOU,60,3,8.7,1.6,3.4,.468,0.0,0.0,.000,1.6,3.3,.470,.468,0.7,1.0,.690,0.6,0.8,1.5,0.7,0.3,0.3,0.6,1.4,3.8,johnsbu01
128,Clemon Johnson,C,30,SEA,78,7,13.5,1.1,2.3,.494,0.0,0.0,.000,1.1,2.3,.500,.494,0.9,1.4,.636,1.4,2.2,3.6,0.3,0.3,0.5,0.5,1.8,3.2,johnscl01
129,Dennis Johnson*,PG,32,BOS,79,78,37.1,5.4,12.1,.444,0.1,0.8,.113,5.3,11.3,.467,.448,2.6,3.2,.833,0.6,2.7,3.3,7.5,1.1,0.5,2.2,2.5,13.4,johnsde01
130,Eddie Johnson,SG,31,SEA,24,0,21.2,3.5,7.8,.457,0.2,0.6,.333,3.3,7.1,.468,.470,1.8,2.3,.764,0.5,1.5,1.9,4.8,0.5,0.0,1.7,1.5,9.0,johnsed02
131,Eddie Johnson,SF,27,SAC,81,30,30.3,7.5,16.2,.463,0.5,1.5,.314,7.0,14.7,.478,.477,3.3,4.0,.829,1.8,2.6,4.4,3.1,0.5,0.2,2.0,2.7,18.7,johnsed03
132,Frank Johnson,PG,28,WSB,18,10,22.2,3.3,7.1,.461,0.0,0.1,.000,3.3,7.1,.465,.461,1.9,2.7,.714,0.6,1.1,1.7,3.2,1.2,0.0,1.7,1.7,8.5,johnsfr01
133,Magic Johnson*,PG,27,LAL,80,80,36.3,8.5,16.4,.522,0.1,0.5,.205,8.4,15.9,.532,.525,6.7,7.9,.848,1.5,4.8,6.3,12.2,1.7,0.5,3.8,2.1,23.9,johnsma02
134,Marques Johnson,SF,30,LAC,10,10,30.2,6.8,15.5,.439,0.0,0.6,.000,6.8,14.9,.456,.439,3.0,4.2,.714,0.9,2.4,3.3,2.8,1.2,0.5,1.7,2.4,16.6,johnsma01
135,Steffond Johnson,PF,24,LAC,29,0,8.1,0.9,2.2,.422,0.0,0.1,.000,0.9,2.1,.443,.422,0.7,1.3,.526,0.5,1.0,1.5,0.2,0.3,0.1,0.6,1.9,2.6,johnsst02
136,Steve Johnson,C,29,POR,79,74,29.7,6.3,11.3,.556,0.0,0.0,,6.3,11.3,.556,.556,4.3,6.2,.698,2.5,4.7,7.2,2.0,0.6,1.0,3.5,4.3,16.8,johnsst03
137,Vinnie Johnson,SG,30,DET,78,8,27.8,6.8,14.8,.462,0.1,0.2,.286,6.8,14.6,.464,.464,2.0,2.6,.786,1.6,1.7,3.3,3.8,1.2,0.2,1.7,2.0,15.7,johnsvi01
138,Anthony Jones,SF-SG,24,TOT,65,4,13.2,2.0,5.0,.413,0.1,0.3,.350,1.9,4.6,.417,.424,0.8,1.0,.769,0.6,1.0,1.6,1.1,0.6,0.3,0.8,1.2,5.0,jonesan01
138,Anthony Jones,SG,24,WSB,16,1,7.1,0.9,2.1,.424,0.0,0.1,.000,0.9,2.0,.438,.424,0.6,0.8,.692,0.1,0.5,0.6,0.4,0.6,0.1,0.7,0.7,2.3,jonesan01
138,Anthony Jones,SF,24,SAS,49,3,15.2,2.4,5.9,.412,0.1,0.4,.368,2.3,5.5,.415,.424,0.8,1.1,.788,0.8,1.1,1.9,1.3,0.7,0.4,0.8,1.4,5.8,jonesan01
139,Caldwell Jones,PF,36,POR,78,37,20.2,1.4,2.9,.496,0.0,0.0,.000,1.4,2.8,.500,.496,1.2,1.6,.782,1.5,4.4,5.8,0.8,0.3,1.0,1.1,2.9,4.1,jonesca01
140,Charles Jones,PF,29,WSB,79,64,20.4,1.5,3.2,.474,0.0,0.0,.000,1.5,3.1,.476,.474,0.6,1.0,.632,1.8,2.7,4.5,1.0,0.8,2.1,1.0,3.2,3.6,jonesch01
141,Michael Jordan*,SG,23,CHI,82,82,40.0,13.4,27.8,.482,0.1,0.8,.182,13.2,27.0,.491,.484,10.2,11.9,.857,2.0,3.2,5.2,4.6,2.9,1.5,3.3,2.9,37.1,jordami01
142,Clark Kellogg,PF,25,IND,4,4,15.0,2.0,5.5,.364,0.3,0.5,.500,1.8,5.0,.350,.386,0.8,1.0,.750,1.8,1.0,2.8,1.5,1.3,0.0,1.0,3.0,5.0,kellocl01
143,Tim Kempton,PF,23,LAC,66,6,14.2,1.5,3.1,.471,0.0,0.0,.000,1.5,3.1,.473,.471,1.4,2.1,.693,1.1,1.9,2.9,0.8,0.6,0.2,0.7,2.5,4.4,kemptti01
144,Jerome Kersey,SF,24,POR,82,8,25.5,4.5,8.9,.509,0.0,0.3,.043,4.5,8.7,.524,.510,3.2,4.4,.720,2.5,3.6,6.0,2.4,1.5,0.9,1.8,4.0,12.3,kerseje01
145,Albert King,SF,27,NJN,61,15,21.2,4.0,9.4,.426,0.2,0.5,.406,3.8,8.9,.427,.437,1.3,1.6,.810,1.3,2.2,3.5,1.7,0.6,0.5,1.7,2.9,9.5,kingal01
146,Bernard King*,SF,30,NYK,6,4,35.7,8.7,17.5,.495,0.0,0.0,,8.7,17.5,.495,.495,5.3,7.2,.744,2.2,3.2,5.3,3.2,0.3,0.0,2.5,2.3,22.7,kingbe01
147,Curtis Kitchen,PF,23,SEA,6,0,5.2,0.5,1.0,.500,0.0,0.2,.000,0.5,0.8,.600,.500,0.5,0.7,.750,0.7,0.8,1.5,0.2,0.3,0.5,0.0,0.7,1.5,kitchcu01
148,Greg Kite,C,25,BOS,74,1,10.1,0.6,1.5,.427,0.0,0.0,.000,0.6,1.5,.431,.427,0.4,1.0,.382,0.8,1.5,2.3,0.4,0.2,0.6,0.5,2.0,1.7,kitegr01
149,Joe Kleine,C,25,SAC,79,31,21.0,3.2,6.9,.471,0.0,0.0,.000,3.2,6.9,.472,.471,1.4,1.8,.786,2.2,3.9,6.1,0.9,0.4,0.4,1.1,2.7,7.9,kleinjo01
150,Jon Koncak,C,23,ATL,82,19,20.5,2.1,4.3,.480,0.0,0.0,.000,2.1,4.3,.481,.480,1.5,2.3,.654,1.9,4.1,6.0,0.4,0.6,0.9,1.1,3.2,5.6,koncajo01
151,Larry Krystkowiak,PF,22,SAS,68,2,14.8,2.5,5.5,.456,0.0,0.2,.083,2.5,5.3,.468,.457,1.6,2.2,.743,1.1,2.4,3.5,1.3,0.3,0.2,1.0,2.1,6.6,krystla01
152,Bill Laimbeer,C,29,DET,82,82,34.8,6.2,12.3,.501,0.1,0.3,.286,6.1,12.1,.506,.504,3.0,3.3,.894,3.0,8.7,11.6,1.8,0.9,0.8,1.5,3.5,15.4,laimbbi01
153,Jim Lampley,C,26,PHI,1,0,16.0,1.0,3.0,.333,0.0,0.0,,1.0,3.0,.333,.333,1.0,2.0,.500,1.0,4.0,5.0,0.0,1.0,0.0,1.0,0.0,3.0,lamplji01
154,Allen Leavell,PG,29,HOU,53,11,22.2,2.8,6.8,.411,0.3,1.1,.316,2.4,5.7,.429,.436,1.9,2.2,.840,0.3,0.9,1.2,4.2,1.0,0.2,1.2,2.4,7.8,leaveal01
155,Keith Lee,PF,24,CLE,67,1,13.0,2.5,5.6,.455,0.0,0.0,.000,2.5,5.6,.456,.455,1.1,1.5,.713,1.4,2.4,3.7,1.0,0.4,0.6,1.3,2.2,6.1,leeke01
156,Fat Lever,PG,26,DEN,82,82,37.2,7.8,16.7,.469,0.3,1.1,.239,7.6,15.6,.486,.477,3.0,3.8,.782,2.6,6.3,8.9,8.0,2.5,0.4,2.0,2.7,18.9,leverfa01
157,Cliff Levingston,PF,26,ATL,82,10,22.5,3.1,6.0,.506,0.0,0.0,.000,3.1,6.0,.509,.506,1.9,2.6,.731,2.7,3.8,6.5,0.5,0.6,0.8,0.9,3.2,8.0,levincl01
158,Alton Lister,C,28,SEA,75,75,30.5,4.6,9.2,.504,0.0,0.0,.000,4.6,9.1,.504,.504,2.4,3.5,.675,3.0,6.4,9.4,1.5,0.4,2.4,2.3,3.9,11.6,listeal01
159,Lewis Lloyd,SG,27,HOU,32,14,21.5,5.2,9.7,.532,0.0,0.2,.143,5.1,9.5,.541,.534,2.0,2.7,.756,0.4,1.1,1.5,2.8,0.6,0.2,1.6,2.2,12.4,lloydle01
160,John Long,SG,30,IND,80,68,28.3,6.1,14.6,.419,0.2,0.8,.284,5.9,13.8,.427,.427,2.7,3.1,.890,0.9,1.8,2.7,3.2,1.2,0.1,1.9,2.1,15.2,longjo01
161,John Lucas,PG,33,MIL,43,40,31.6,6.6,14.5,.457,1.1,2.9,.365,5.6,11.6,.480,.494,3.2,4.0,.787,0.7,2.2,2.9,6.7,1.7,0.1,2.1,1.9,17.5,lucasjo01
162,Maurice Lucas,PF,34,SEA,63,0,17.8,2.8,6.2,.451,0.0,0.1,.000,2.8,6.1,.457,.451,2.4,3.0,.802,1.4,3.5,4.9,1.0,0.5,0.3,1.2,2.7,7.9,lucasma01
163,Kyle Macy,PG,29,IND,76,0,16.4,2.2,4.5,.481,0.2,0.6,.304,2.0,3.9,.508,.501,0.4,0.5,.829,0.3,1.2,1.5,2.6,0.8,0.1,0.8,1.8,4.9,macyky01
164,Rick Mahorn,PF,28,DET,63,6,20.3,2.3,5.1,.447,0.0,0.0,,2.3,5.1,.447,.447,1.5,1.9,.821,1.5,4.5,6.0,0.6,0.5,0.8,1.2,3.5,6.1,mahorri01
165,Jeff Malone,SG,25,WSB,80,79,34.5,8.6,18.9,.457,0.1,0.3,.154,8.6,18.5,.462,.458,4.7,5.3,.885,0.6,2.1,2.7,3.7,0.9,0.2,2.3,1.9,22.0,malonje01
166,Karl Malone*,PF,23,UTA,82,82,34.8,8.9,17.3,.512,0.0,0.1,.000,8.9,17.3,.514,.512,3.9,6.6,.598,3.4,7.0,10.4,1.9,1.3,0.7,2.9,3.9,21.7,malonka01
167,Moses Malone*,C,31,WSB,73,70,34.1,8.2,18.0,.454,0.0,0.2,.000,8.2,17.8,.458,.454,7.8,9.5,.824,4.7,6.6,11.3,1.6,0.8,1.3,2.8,1.9,24.1,malonmo01
168,Pace Mannion,SF,26,NJN,23,3,12.3,1.3,4.1,.330,0.1,0.4,.333,1.2,3.7,.329,.346,0.8,1.3,.581,0.4,1.3,1.7,2.0,0.8,0.2,1.0,1.4,3.6,mannipa01
169,Bill Martin,SF,24,NYK,8,0,8.5,1.1,3.1,.360,0.0,0.0,,1.1,3.1,.360,.360,0.9,1.0,.875,0.3,0.6,0.9,0.0,0.5,0.3,0.9,0.6,3.1,martibi01
170,Fernando Mart√≠n,C,24,POR,24,0,6.1,0.4,1.3,.290,0.0,0.0,.000,0.4,1.3,.300,.290,0.2,0.5,.364,0.3,0.8,1.2,0.4,0.3,0.0,0.8,1.0,0.9,martife01
171,Maurice Martin,SF,22,DEN,43,0,6.7,1.2,3.1,.378,0.1,0.3,.200,1.1,2.8,.400,.389,1.0,1.5,.636,0.3,0.7,1.0,0.8,0.3,0.1,0.8,1.1,3.4,martima01
172,Wes Matthews,PG,27,LAL,50,0,10.6,1.8,3.7,.476,0.0,0.1,.333,1.8,3.7,.478,.479,0.6,0.7,.806,0.3,0.7,0.9,2.0,0.5,0.1,1.0,1.1,4.2,matthwe01
173,Cedric Maxwell,SF,31,TOT,81,31,24.3,3.1,5.9,.530,0.0,0.0,.000,3.1,5.9,.532,.530,3.7,4.8,.775,2.2,3.2,5.4,2.4,0.5,0.2,1.7,2.2,10.0,maxwece01
173,Cedric Maxwell,SF,31,LAC,35,31,32.3,4.3,8.3,.519,0.0,0.0,,4.3,8.3,.519,.519,5.1,6.5,.776,2.9,4.2,7.2,3.5,0.7,0.3,2.5,2.9,13.6,maxwece01
173,Cedric Maxwell,SF,31,HOU,46,0,18.2,2.2,4.1,.548,0.0,0.0,.000,2.2,4.1,.551,.548,2.7,3.5,.773,1.6,2.4,4.0,1.6,0.3,0.1,1.0,1.7,7.2,maxwece01
174,Tim McCormick,C,24,PHI,81,79,34.8,4.8,8.9,.545,0.0,0.0,.000,4.8,8.8,.548,.545,3.1,4.3,.719,2.2,5.3,7.5,1.4,0.4,0.8,1.9,3.3,12.8,mccorti01
175,Rodney McCray,SF,25,HOU,81,81,38.7,5.3,9.7,.552,0.0,0.1,.000,5.3,9.6,.558,.552,3.8,4.9,.779,2.3,4.8,7.1,5.4,1.1,0.7,2.6,2.1,14.4,mccraro01
176,Scooter McCray,PF,26,CLE,24,2,11.6,1.3,2.7,.462,0.0,0.0,,1.3,2.7,.462,.462,0.8,1.7,.488,0.8,1.6,2.4,1.0,0.4,0.2,1.0,1.2,3.3,mccrasc01
177,Xavier McDaniel,SF,23,SEA,82,82,37.0,9.8,19.3,.509,0.0,0.2,.214,9.8,19.1,.512,.510,3.4,4.8,.696,4.1,4.5,8.6,2.5,1.4,0.6,2.9,3.7,23.0,mcdanxa01
178,Ben McDonald,PF,24,GSW,63,34,20.4,2.6,5.7,.456,0.0,0.1,.125,2.6,5.6,.463,.457,0.4,0.6,.632,1.0,1.9,2.9,1.3,0.4,0.1,0.7,3.2,5.6,mcdonbe01
179,Hank McDowell,PF,27,MIL,7,0,10.0,1.1,2.4,.471,0.0,0.0,,1.1,2.4,.471,.471,0.9,1.0,.857,1.3,1.4,2.7,0.3,0.3,0.0,0.4,2.0,3.1,mcdowha01
180,Mike McGee,SF,27,ATL,76,6,18.7,4.1,8.9,.459,1.1,3.0,.376,3.0,5.9,.502,.523,1.1,1.8,.584,0.9,1.2,2.1,2.0,0.8,0.0,1.4,2.1,10.4,mcgeemi01
181,Kevin McHale*,PF,29,BOS,77,77,39.7,10.3,17.0,.604,0.0,0.1,.000,10.3,16.9,.606,.604,5.6,6.6,.836,3.2,6.7,9.9,2.6,0.5,2.2,2.6,3.1,26.1,mchalke01
182,Kevin McKenna,SG,28,NJN,56,3,16.8,2.7,6.0,.454,0.9,2.2,.419,1.8,3.8,.474,.531,0.8,1.0,.754,0.4,1.0,1.4,1.7,1.0,0.1,0.9,2.5,7.2,mckenke01
183,Forrest McKenzie,SF,23,SAS,6,0,7.0,1.2,4.7,.250,0.2,0.3,.500,1.0,4.3,.231,.268,0.3,0.3,1.000,0.3,0.8,1.2,0.2,0.2,0.0,0.5,1.5,2.8,mckenfo01
184,Nate McMillan,PG,22,SEA,71,50,27.8,2.0,4.2,.475,0.0,0.1,.000,2.0,4.1,.486,.475,1.2,2.0,.617,1.4,3.2,4.7,8.2,1.8,0.6,2.2,3.4,5.3,mcmilna01
185,Mark McNamara,C,27,PHI,11,1,10.3,1.3,2.7,.467,0.0,0.0,,1.3,2.7,.467,.467,0.6,1.7,.368,1.5,1.7,3.3,0.2,0.1,0.0,0.7,1.5,3.2,mcnamma01
186,Chris McNealy,PF,25,NYK,59,16,16.5,1.5,3.0,.492,0.0,0.0,,1.5,3.0,.492,.492,0.9,1.4,.650,1.3,2.6,3.8,0.8,0.6,0.3,1.1,2.3,3.9,mcneach01
187,Cozell McQueen,PF,25,DET,3,0,2.3,1.0,1.0,1.000,0.0,0.0,,1.0,1.0,1.000,1.000,0.0,0.0,,1.0,1.7,2.7,0.0,0.0,0.3,0.0,0.3,2.0,mcqueco01
188,Dirk Minniefield,PG,26,TOT,74,52,21.6,2.9,6.5,.452,0.1,0.5,.282,2.8,6.0,.467,.464,0.8,1.2,.689,0.4,1.5,1.9,4.7,1.0,0.1,2.1,2.4,6.9,minnidi01
188,Dirk Minniefield,PG,26,CLE,11,0,11.1,1.2,3.8,.310,0.0,0.5,.000,1.2,3.4,.351,.310,0.1,0.4,.250,0.1,0.8,0.9,1.2,0.5,0.1,1.1,0.7,2.5,minnidi01
188,Dirk Minniefield,PG,26,HOU,63,52,23.5,3.3,7.0,.466,0.2,0.5,.324,3.1,6.4,.478,.478,1.0,1.4,.709,0.4,1.6,2.1,5.3,1.0,0.1,2.3,2.6,7.7,minnidi01
189,Mike Mitchell,SF,31,SAS,40,18,23.1,5.2,12.0,.435,0.0,0.1,.500,5.2,11.9,.435,.436,2.3,2.8,.821,1.0,1.6,2.6,1.0,0.5,0.2,1.3,1.7,12.7,mitchmi01
190,Paul Mokeski,C,30,MIL,62,3,10.1,0.8,2.1,.403,0.0,0.0,.000,0.8,2.1,.406,.403,0.7,1.0,.719,0.7,1.5,2.2,0.4,0.3,0.2,0.4,2.0,2.4,mokespa01
191,Sidney Moncrief*,SG,29,MIL,39,30,25.4,4.1,8.3,.488,0.2,0.8,.258,3.8,7.5,.512,.500,3.5,4.2,.840,1.5,1.8,3.3,3.1,0.7,0.3,1.6,1.9,11.8,moncrsi01
192,Johnny Moore,PG,28,SAS,55,27,22.4,3.6,8.1,.442,0.4,1.4,.278,3.2,6.7,.477,.467,1.0,1.3,.800,0.6,1.2,1.8,4.5,1.5,0.1,1.9,1.8,8.6,moorejo01
193,Perry Moss,PG,28,GSW,64,0,10.9,1.4,3.2,.440,0.0,0.2,.071,1.4,3.0,.466,.442,0.8,1.1,.710,0.5,1.0,1.5,1.4,0.7,0.0,0.9,1.5,3.6,mosspe01
194,Chris Mullin*,SG,23,GSW,82,82,29.0,5.8,11.3,.514,0.2,0.8,.302,5.6,10.5,.529,.524,3.3,4.0,.825,0.5,1.7,2.2,3.2,1.2,0.4,1.9,2.6,15.1,mullich01
195,Jay Murphy,PF,24,WSB,21,0,6.7,1.5,3.4,.431,0.0,0.0,,1.5,3.4,.431,.431,0.4,0.8,.563,0.8,1.0,1.9,0.2,0.1,0.1,0.3,1.0,3.4,murphja01
196,Pete Myers,SG,23,CHI,29,0,5.3,0.7,1.8,.365,0.0,0.2,.000,0.7,1.6,.413,.365,1.0,1.5,.651,0.3,0.3,0.6,0.7,0.5,0.1,0.3,0.9,2.3,myerspe01
197,Larry Nance,PF,27,PHO,69,67,37.2,8.5,15.4,.551,0.0,0.1,.200,8.5,15.3,.553,.551,5.5,7.1,.773,2.7,6.0,8.7,3.4,1.2,2.1,2.2,3.2,22.5,nancela01
198,Calvin Natt,PF,30,DEN,1,1,20.0,4.0,10.0,.400,0.0,0.0,,4.0,10.0,.400,.400,2.0,2.0,1.000,2.0,3.0,5.0,2.0,1.0,0.0,1.0,2.0,10.0,nattca01
199,Ed Nealy,PF,26,SAS,60,7,16.3,1.4,3.2,.438,0.1,0.5,.129,1.3,2.7,.497,.448,0.9,1.2,.739,1.6,3.1,4.7,1.4,0.7,0.2,0.6,2.4,3.7,nealyed01
200,Chuck Nevitt,C,27,DET,41,0,6.5,0.8,1.5,.492,0.0,0.0,,0.8,1.5,.492,.492,0.3,0.6,.583,0.9,1.1,2.0,0.1,0.2,0.7,0.5,1.8,1.9,nevitch01
201,Johnny Newman,SF,23,CLE,59,0,10.7,1.9,4.7,.411,0.0,0.4,.045,1.9,4.3,.443,.413,1.1,1.3,.868,0.6,0.6,1.2,0.5,0.3,0.1,0.8,1.1,5.0,newmajo01
202,Kurt Nimphius,PF,28,TOT,66,11,16.5,2.3,5.0,.470,0.0,0.1,.000,2.3,4.9,.475,.470,1.2,1.8,.675,1.2,1.6,2.8,0.4,0.3,0.8,1.0,2.4,5.9,nimphku01
202,Kurt Nimphius,PF,28,LAC,38,6,21.3,3.1,6.6,.472,0.0,0.1,.000,3.1,6.6,.478,.472,1.5,2.3,.648,1.5,2.0,3.5,0.5,0.4,1.1,1.2,3.1,7.8,nimphku01
202,Kurt Nimphius,PF,28,DET,28,5,9.9,1.3,2.8,.462,0.0,0.0,.000,1.3,2.8,.468,.462,0.9,1.1,.750,0.8,1.1,1.9,0.3,0.1,0.5,0.6,1.4,3.4,nimphku01
203,Dennis Nutt,PG,23,DAL,25,0,3.6,0.6,1.6,.400,0.2,0.7,.294,0.4,0.9,.478,.463,0.8,0.9,.909,0.0,0.3,0.3,0.6,0.3,0.0,0.4,0.2,2.3,nuttde01
204,Mike O'Koren,SF,28,WSB,15,0,8.2,1.1,2.8,.381,0.0,0.1,.000,1.1,2.7,.400,.381,0.0,0.1,.000,0.4,0.5,0.9,0.9,0.1,0.0,0.4,0.7,2.1,okoremi01
205,Charles Oakley,PF,23,CHI,82,81,36.3,5.7,12.8,.445,0.1,0.4,.367,5.6,12.5,.447,.450,3.0,4.4,.686,3.6,9.5,13.1,3.6,1.0,0.4,3.6,3.8,14.5,oaklech01
206,Hakeem Olajuwon*,C,24,HOU,75,75,36.8,9.0,17.8,.508,0.0,0.1,.200,9.0,17.7,.509,.509,5.3,7.6,.702,4.2,7.2,11.4,2.9,1.9,3.4,3.0,3.9,23.4,olajuha01
207,Mark Olberding,PF,30,SAC,76,0,13.2,0.9,2.2,.418,0.0,0.0,.000,0.9,2.2,.421,.418,1.5,1.7,.885,0.7,1.8,2.4,1.2,0.2,0.1,0.7,1.9,3.3,olberma01
208,Jawann Oldham,C,29,NYK,44,9,17.6,1.6,4.0,.408,0.0,0.0,.000,1.6,3.9,.410,.408,0.7,1.3,.544,1.2,2.9,4.1,0.4,0.5,1.6,1.1,2.2,3.9,oldhaja01
209,Louis Orr,SF,28,NYK,65,8,22.2,2.6,6.0,.427,0.0,0.1,.200,2.5,5.9,.430,.428,1.9,2.6,.727,1.6,2.0,3.6,1.7,0.7,0.3,1.1,1.9,7.0,orrlo01
210,Robert Parish*,C,33,BOS,80,80,37.4,7.4,13.2,.556,0.0,0.0,.000,7.4,13.2,.557,.556,2.8,3.9,.735,3.2,7.5,10.6,2.2,0.8,1.8,2.4,3.3,17.5,parisro01
211,Jim Paxson,SG,29,POR,72,1,25.0,4.7,10.2,.460,0.4,1.4,.265,4.3,8.8,.490,.477,2.4,3.0,.806,0.6,1.4,1.9,3.3,1.1,0.2,1.5,1.9,12.1,paxsoji02
212,John Paxson,PG,26,CHI,82,64,32.8,4.7,9.7,.487,0.6,1.7,.371,4.1,8.0,.511,.520,1.3,1.6,.809,0.3,1.4,1.7,5.7,0.8,0.1,1.3,2.5,11.3,paxsojo01
213,Sam Perkins,PF,25,DAL,80,80,33.6,5.8,12.0,.482,0.2,0.7,.352,5.5,11.3,.489,.492,3.1,3.7,.828,2.5,5.2,7.7,1.8,1.4,1.0,1.7,3.4,14.8,perkisa01
214,Chuck Person,SF,22,IND,82,78,36.0,7.7,16.6,.468,0.6,1.7,.355,7.1,14.9,.480,.486,2.7,3.6,.747,2.0,6.2,8.3,3.6,1.1,0.2,2.6,3.8,18.8,persoch01
215,Jim Petersen,PF,24,HOU,82,56,29.3,4.7,9.2,.511,0.0,0.0,.000,4.7,9.2,.514,.511,1.9,2.5,.727,2.2,4.6,6.8,1.5,0.5,1.2,1.9,3.3,11.3,peterji01
216,Michael Phelps,SG,25,SEA,60,6,7.8,1.3,2.9,.426,0.0,0.2,.100,1.2,2.8,.446,.429,0.5,0.7,.705,0.3,0.6,0.8,1.1,0.4,0.0,0.5,1.0,3.0,phelpmi01
217,Ricky Pierce,SG,27,MIL,79,31,31.7,7.3,13.6,.534,0.0,0.4,.107,7.2,13.3,.545,.535,4.9,5.6,.880,1.5,1.9,3.4,1.8,0.8,0.3,1.5,2.8,19.5,piercri01
218,Ed Pinckney,SF,23,PHO,80,65,28.1,3.6,6.2,.584,0.0,0.0,.000,3.6,6.2,.586,.584,3.2,4.4,.739,2.2,5.0,7.3,1.5,1.1,0.7,1.7,2.5,10.5,pincked01
219,Dwayne Polee,SG,23,LAC,1,0,6.0,1.0,4.0,.250,0.0,3.0,.000,1.0,1.0,1.000,.250,0.0,0.0,,0.0,0.0,0.0,0.0,1.0,0.0,1.0,3.0,2.0,poleedw01
220,Ben Poquette,PF,31,TOT,58,2,10.4,1.1,2.1,.508,0.0,0.1,.000,1.1,2.0,.525,.508,0.7,0.9,.800,0.5,1.2,1.7,0.6,0.2,0.6,0.4,1.3,2.8,poquebe01
220,Ben Poquette,PF,31,CLE,37,1,11.8,1.1,2.2,.500,0.0,0.1,.000,1.1,2.1,.519,.500,0.8,1.1,.795,0.5,1.5,2.1,0.8,0.2,0.6,0.5,1.4,3.1,poquebe01
220,Ben Poquette,PF,31,CHI,21,1,8.0,1.0,1.9,.525,0.0,0.0,.000,1.0,1.9,.538,.525,0.4,0.5,.818,0.5,0.7,1.1,0.3,0.1,0.6,0.2,1.2,2.4,poquebe01
221,Terry Porter,PG,23,POR,80,80,33.9,4.7,9.6,.488,0.2,0.8,.217,4.5,8.9,.511,.497,3.5,4.2,.838,0.9,3.3,4.2,8.9,2.0,0.1,3.2,2.4,13.1,portete01
222,Paul Pressey,SF,28,MIL,61,60,33.7,4.8,10.1,.477,0.3,0.9,.291,4.6,9.2,.496,.490,4.0,5.4,.738,1.6,3.2,4.9,7.2,1.8,0.8,3.0,3.5,13.9,presspa01
223,Harold Pressley,SF,23,SAC,67,23,13.6,2.0,4.7,.423,0.1,0.4,.250,1.9,4.3,.439,.434,0.5,0.7,.729,1.0,1.6,2.6,1.8,0.6,0.3,0.9,1.4,4.6,pressha01
224,Mark Price,PG,22,CLE,67,0,18.2,2.6,6.3,.408,0.3,1.0,.329,2.2,5.3,.424,.435,1.4,1.7,.833,0.5,1.3,1.7,3.0,0.6,0.1,1.6,1.1,6.9,pricema01
225,Kurt Rambis,PF,28,LAL,78,10,19.4,2.1,4.0,.521,0.0,0.0,,2.1,4.0,.521,.521,1.5,2.0,.764,2.0,3.8,5.8,0.8,0.9,0.5,1.3,2.6,5.7,rambiku01
226,Blair Rasmussen,C,24,DEN,74,23,19.2,3.6,7.7,.470,0.0,0.0,,3.6,7.7,.470,.470,2.3,3.1,.732,2.5,3.8,6.3,0.8,0.3,0.8,1.1,3.0,9.5,rasmubl01
227,Robert Reid,SG,31,HOU,75,63,34.6,5.6,13.4,.417,0.7,2.2,.327,4.9,11.3,.435,.444,1.8,2.4,.768,0.6,3.2,3.9,4.3,1.0,0.3,1.4,3.1,13.7,reidro01
228,Jerry Reynolds,SF,24,MIL,58,24,16.6,2.4,6.1,.393,0.1,0.3,.333,2.3,5.8,.396,.402,2.0,3.2,.641,1.2,1.7,3.0,1.8,0.9,0.5,1.4,1.6,7.0,reynoje01
229,Clint Richardson,SG,30,IND,78,14,17.9,2.8,6.0,.467,0.1,0.2,.353,2.7,5.8,.471,.473,0.8,0.9,.797,0.7,1.2,1.8,3.1,0.6,0.1,1.1,1.4,6.4,richacl01
230,Doc Rivers,PG,25,ATL,82,82,31.6,4.2,9.2,.451,0.0,0.3,.190,4.1,9.0,.459,.454,4.5,5.4,.828,1.0,2.6,3.6,10.0,2.1,0.4,2.6,3.5,12.8,riverdo01
231,Fred Roberts,PF,26,BOS,73,11,14.8,1.9,3.7,.515,0.0,0.0,.000,1.9,3.7,.521,.515,1.7,2.1,.810,0.7,1.9,2.6,0.8,0.3,0.3,1.2,1.8,5.5,roberfr01
232,Alvin Robertson,SG,24,SAS,81,78,33.3,7.3,15.6,.466,0.2,0.6,.271,7.1,15.0,.474,.471,3.0,4.0,.753,2.3,2.9,5.2,5.2,3.2,0.4,3.0,3.3,17.7,roberal01
233,Cliff Robinson,PF,26,PHI,55,30,28.8,6.1,13.3,.464,0.0,0.1,.000,6.1,13.2,.466,.464,2.5,3.3,.755,1.6,4.0,5.6,1.6,1.6,0.5,2.2,2.7,14.8,robincl01
234,Dennis Rodman*,SF,25,DET,77,1,15.0,2.8,5.1,.545,0.0,0.0,.000,2.8,5.1,.546,.545,1.0,1.6,.587,2.1,2.2,4.3,0.7,0.5,0.6,1.2,2.2,6.5,rodmade01
235,Johnny Rogers,PF,23,SAC,45,15,10.4,2.0,4.1,.486,0.0,0.1,.000,2.0,4.0,.500,.486,0.2,0.3,.600,0.7,1.0,1.7,0.6,0.2,0.2,0.4,1.5,4.2,rogerjo01
236,Tree Rollins,C,31,ATL,75,58,23.5,2.3,4.2,.546,0.0,0.0,,2.3,4.2,.546,.546,0.8,1.2,.724,2.1,4.4,6.5,0.3,0.6,1.9,0.8,3.2,5.4,rollitr01
237,Dan Roundfield,PF,33,WSB,36,0,18.6,2.5,6.1,.409,0.0,0.1,.200,2.5,6.0,.414,.411,1.6,2.0,.792,1.8,2.9,4.7,1.1,0.3,0.4,1.4,2.1,6.6,roundda01
238,Ron Rowan,SG,24,POR,7,0,2.3,0.6,1.3,.444,0.1,0.1,1.000,0.4,1.1,.375,.500,0.4,0.6,.750,0.1,0.0,0.1,0.1,0.6,0.0,0.4,0.1,1.7,rowanro01
239,Jeff Ruland,PF,28,PHI,5,2,23.2,3.8,5.6,.679,0.0,0.0,,3.8,5.6,.679,.679,1.8,2.4,.750,2.4,3.2,5.6,2.0,0.0,0.8,2.0,2.6,9.4,rulanje01
240,Walker Russell,PG,26,IND,48,0,10.6,1.3,3.4,.388,0.0,0.3,.125,1.3,3.1,.416,.394,0.6,0.8,.730,0.4,0.8,1.1,2.7,0.4,0.1,1.3,1.3,3.3,russewa01
241,John Salley,C,22,DET,82,2,17.8,2.0,3.5,.562,0.0,0.0,.000,2.0,3.5,.564,.562,1.3,2.1,.614,1.3,2.3,3.6,0.7,0.5,1.5,0.9,3.1,5.3,sallejo01
242,Ralph Sampson*,PF,26,HOU,43,32,30.8,6.4,13.2,.489,0.0,0.1,.000,6.4,13.1,.492,.489,2.7,4.4,.624,2.0,6.6,8.7,2.8,0.9,1.3,2.9,3.9,15.6,sampsra01
243,Mike Sanders,SF,26,PHO,82,4,20.2,4.4,8.8,.494,0.0,0.2,.118,4.3,8.6,.504,.496,1.7,2.2,.781,1.2,2.1,3.3,1.5,0.7,0.3,1.3,2.6,10.5,sandemi01
244,Danny Schayes,C,27,DEN,76,41,20.5,2.8,5.3,.519,0.0,0.0,,2.8,5.3,.519,.519,3.0,3.9,.779,1.6,3.4,5.0,1.1,0.3,1.0,1.3,3.5,8.5,schayda01
245,Russ Schoene,PF,26,SEA,63,0,9.2,1.1,3.0,.374,0.0,0.2,.154,1.1,2.8,.390,.379,0.5,0.7,.630,0.8,1.0,1.9,0.4,0.3,0.2,0.7,1.5,2.7,schoeru01
246,Detlef Schrempf,SF,24,DAL,81,5,21.1,3.3,6.9,.472,0.4,0.9,.478,2.9,6.1,.472,.502,2.4,3.2,.742,1.1,2.7,3.7,2.0,0.6,0.2,1.4,2.8,9.3,schrede01
247,John Schweitz,SG,26,DET,3,0,2.3,0.0,0.3,.000,0.0,0.0,,0.0,0.3,.000,.000,0.0,0.0,,0.0,0.3,0.3,0.0,0.0,0.0,0.7,0.7,0.0,schwejo01
248,Byron Scott,SG,25,LAL,82,82,33.3,6.8,13.8,.489,0.8,1.8,.436,6.0,12.0,.496,.517,2.7,3.1,.892,0.8,2.7,3.5,3.4,1.5,0.2,1.8,2.0,17.0,scottby01
249,Carey Scurry,SF,24,UTA,69,5,10.9,1.8,3.6,.498,0.1,0.2,.308,1.7,3.4,.509,.506,1.4,1.9,.701,1.4,1.5,2.9,0.8,0.8,0.8,0.8,1.8,5.0,scurrca01
250,Brad Sellers,PF,24,CHI,80,17,21.9,3.5,7.6,.455,0.0,0.1,.200,3.4,7.5,.460,.457,1.6,2.2,.728,1.9,2.7,4.7,1.3,0.6,0.9,1.1,2.4,8.5,sellebr01
251,Purvis Short,SF,29,GSW,34,15,27.9,7.1,14.7,.479,0.1,0.5,.235,6.9,14.2,.488,.483,4.0,4.7,.856,1.6,2.4,4.0,2.5,1.3,0.2,2.0,3.0,18.3,shortpu01
252,Jerry Sichting,PG,30,BOS,78,15,20.1,2.6,5.1,.508,0.1,0.3,.269,2.5,4.8,.524,.516,0.5,0.5,.881,0.3,0.9,1.2,2.4,0.5,0.0,0.8,1.6,5.7,sichtje01
253,Jack Sikma*,C,31,MIL,82,82,30.9,4.8,10.3,.463,0.0,0.0,.000,4.8,10.2,.464,.463,3.2,3.8,.847,2.5,7.5,10.0,2.5,1.1,1.1,2.0,4.0,12.7,sikmaja01
254,McKinley Singleton,PG,25,NYK,2,0,5.0,1.0,1.5,.667,0.0,0.5,.000,1.0,1.0,1.000,.667,0.0,0.0,,0.0,0.0,0.0,0.5,0.0,0.0,0.0,0.5,2.0,singlmc01
255,Scott Skiles,PG,22,MIL,13,0,15.8,1.4,4.8,.290,0.2,1.1,.214,1.2,3.7,.313,.315,0.8,0.9,.833,0.5,1.5,2.0,3.5,0.4,0.1,1.6,1.4,3.8,skilesc01
256,Clinton Smith,SG,23,GSW,41,0,8.3,1.2,2.9,.427,0.0,0.0,.000,1.2,2.8,.435,.427,0.7,0.9,.750,0.6,0.7,1.4,1.1,0.3,0.0,0.6,0.9,3.1,smithcl01
257,Derek Smith,SG,25,SAC,52,42,31.9,6.5,14.6,.446,0.2,0.6,.273,6.3,13.9,.454,.452,3.4,4.4,.781,1.2,2.3,3.5,3.9,0.9,0.4,2.4,3.5,16.6,smithde02
258,Keith Smith,SG,22,MIL,42,4,11.0,1.4,3.6,.380,0.1,0.2,.333,1.3,3.4,.383,.390,0.5,0.7,.750,0.3,0.5,0.8,1.0,0.6,0.1,0.7,1.8,3.3,smithke03
259,Larry Smith,PF,29,GSW,80,78,29.7,3.7,6.8,.546,0.0,0.0,.000,3.7,6.8,.547,.546,1.4,2.5,.574,4.6,6.9,11.5,1.2,0.9,0.7,1.7,3.7,8.8,smithla01
260,Otis Smith,SG,23,DEN,28,0,6.0,1.2,2.8,.418,0.0,0.1,.000,1.2,2.8,.429,.418,0.4,0.8,.571,0.6,0.6,1.2,0.8,0.0,0.0,0.7,1.1,2.8,smithot01
261,Mike Smrek,C,24,LAL,35,3,6.7,0.9,1.7,.500,0.0,0.0,,0.9,1.7,.500,.500,0.5,0.7,.640,0.4,0.7,1.1,0.1,0.1,0.4,0.5,2.0,2.2,smrekmi01
262,Rory Sparrow,PG,28,NYK,80,30,24.4,3.3,7.4,.446,0.1,0.5,.262,3.2,6.9,.460,.455,0.9,1.1,.798,0.4,1.1,1.4,5.4,0.8,0.1,1.8,2.0,7.6,sparrro01
263,Terence Stansbury,SG,25,SEA,44,0,8.5,1.5,3.5,.429,0.3,0.7,.379,1.3,2.9,.441,.465,0.7,1.1,.620,0.2,0.4,0.5,1.3,0.3,0.0,0.7,1.8,4.0,stanste01
264,Brook Steppe,SG,27,SAC,34,7,19.6,2.8,5.9,.477,0.1,0.3,.333,2.7,5.6,.484,.485,2.1,2.6,.830,0.6,1.2,1.8,2.4,0.5,0.1,1.6,1.6,7.8,steppbr01
265,Steve Stipanovich,C,26,IND,81,81,34.1,4.7,9.4,.503,0.0,0.0,.250,4.7,9.3,.504,.503,3.8,4.5,.837,2.3,6.0,8.3,2.2,1.3,1.2,1.6,3.8,13.2,stipast01
266,John Stockton*,PG,24,UTA,82,2,22.7,2.8,5.6,.499,0.1,0.5,.179,2.7,5.2,.528,.506,2.2,2.8,.782,0.4,1.5,1.8,8.2,2.2,0.2,2.0,2.7,7.9,stockjo01
267,Jon Sundvold,PG,25,SAS,76,42,23.2,4.8,9.9,.486,0.7,2.0,.336,4.1,7.9,.523,.519,0.9,1.1,.833,0.3,1.0,1.3,4.1,0.5,0.0,1.3,1.4,11.2,sundvjo01
268,Roy Tarpley,PF,22,DAL,75,1,18.7,3.1,6.7,.467,0.0,0.0,.333,3.1,6.6,.468,.468,1.3,1.9,.676,2.4,4.7,7.1,0.7,0.7,1.1,1.3,3.1,7.5,tarplro01
269,Jeff Taylor,SG,27,DET,12,0,3.7,0.5,0.8,.600,0.0,0.0,,0.5,0.8,.600,.600,0.8,0.8,.900,0.1,0.3,0.3,0.3,0.2,0.1,0.7,0.3,1.8,tayloje01
270,Terry Teagle,SG,26,GSW,82,0,20.1,4.5,9.9,.458,0.0,0.1,.000,4.5,9.7,.464,.458,2.2,2.9,.778,0.8,1.3,2.1,1.3,0.8,0.2,1.4,2.3,11.2,teaglte01
271,Reggie Theus,PG,29,SAC,79,76,36.4,7.3,15.5,.472,0.2,1.0,.218,7.1,14.5,.489,.479,5.4,6.3,.867,1.1,2.3,3.4,8.8,1.0,0.2,3.7,2.6,20.3,theusre01
272,David Thirdkill,SF,26,BOS,17,0,5.2,0.6,1.4,.417,0.0,0.1,.000,0.6,1.4,.435,.417,0.3,0.9,.313,0.3,0.8,1.1,0.1,0.1,0.0,0.3,0.7,1.5,thirdda01
273,Isiah Thomas*,PG,25,DET,81,81,37.2,7.7,16.7,.463,0.2,1.2,.194,7.5,15.5,.484,.470,4.9,6.4,.768,1.0,2.9,3.9,10.0,1.9,0.2,4.2,3.1,20.6,thomais01
274,Bernard Thompson,SF,24,PHO,24,2,13.8,1.8,4.4,.400,0.0,0.1,.000,1.8,4.3,.412,.400,1.1,1.4,.818,0.8,0.5,1.3,0.8,0.5,0.2,0.7,2.2,4.6,thompbe01
275,Billy Thompson,SF,23,LAL,59,0,12.9,2.4,4.4,.544,0.0,0.0,.000,2.4,4.4,.546,.544,0.8,1.3,.649,1.2,1.7,2.9,1.0,0.3,0.5,1.0,2.5,5.6,thompbi01
276,LaSalle Thompson,C,25,SAC,82,53,26.4,4.4,9.2,.481,0.0,0.1,.000,4.4,9.1,.485,.481,2.3,3.1,.737,2.9,5.5,8.4,1.5,0.8,1.5,1.7,3.5,11.1,thompla01
277,Mychal Thompson,PF,32,TOT,82,7,23.0,4.4,9.7,.450,0.0,0.0,.500,4.4,9.7,.450,.451,2.7,3.6,.737,1.7,3.3,5.0,1.4,0.5,0.9,1.6,2.5,11.4,thompmy01
277,Mychal Thompson,PF,32,SAS,49,6,24.7,4.7,10.8,.436,0.0,0.0,1.000,4.7,10.8,.435,.437,2.9,4.0,.735,1.9,3.8,5.6,1.8,0.6,0.8,1.6,2.4,12.3,thompmy01
277,Mychal Thompson,PF,32,LAL,33,1,20.6,3.9,8.2,.480,0.0,0.0,.000,3.9,8.1,.481,.480,2.3,3.1,.743,1.4,2.7,4.1,0.8,0.4,0.9,1.7,2.6,10.1,thompmy01
278,Bob Thornton,PF,24,NYK,33,4,8.5,0.9,2.0,.433,0.0,0.0,.000,0.9,2.0,.439,.433,0.4,0.6,.650,0.5,1.2,1.7,0.2,0.1,0.1,0.7,1.5,2.2,thornbo01
279,Otis Thorpe,PF,24,SAC,82,82,36.0,6.9,12.8,.540,0.0,0.0,.000,6.9,12.8,.542,.540,5.0,6.6,.761,3.2,6.8,10.0,2.5,0.6,0.7,2.3,3.6,18.9,thorpot01
280,Sedale Threatt,PG,25,TOT,68,8,21.3,3.5,7.9,.448,0.1,0.5,.219,3.4,7.4,.462,.454,1.4,1.8,.798,0.4,1.2,1.6,3.8,1.1,0.2,1.3,2.4,8.5,threase01
280,Sedale Threatt,PG,25,PHI,28,8,23.9,3.9,9.3,.414,0.3,0.6,.438,3.6,8.8,.412,.427,1.5,1.9,.792,0.6,1.4,2.0,2.9,1.1,0.1,1.7,2.7,9.5,threase01
280,Sedale Threatt,PG,25,CHI,40,0,19.5,3.3,6.8,.480,0.0,0.4,.000,3.3,6.4,.510,.480,1.3,1.7,.803,0.2,1.1,1.3,4.4,1.1,0.2,1.1,2.2,7.9,threase01
281,Wayman Tisdale,PF,22,IND,81,15,26.7,5.7,11.0,.513,0.0,0.0,.000,5.7,11.0,.515,.513,3.2,4.5,.709,2.7,3.2,5.9,1.4,0.6,0.3,1.7,3.6,14.5,tisdawa01
282,Andrew Toney,SG,29,PHI,52,12,20.3,3.8,8.4,.451,0.4,1.3,.328,3.4,7.1,.473,.476,2.6,3.2,.796,0.3,1.3,1.6,3.6,0.3,0.2,2.2,1.5,10.6,toneyan01
283,Kelly Tripucka,SF,27,UTA,79,76,23.6,3.7,7.9,.469,0.2,0.7,.365,3.4,7.2,.478,.484,2.5,2.9,.872,0.7,2.4,3.1,3.1,1.1,0.1,2.1,1.9,10.1,tripuke01
284,Trent Tucker,SG,27,NYK,70,15,24.2,4.6,9.9,.470,1.0,2.3,.422,3.7,7.6,.485,.520,1.1,1.4,.762,0.7,1.2,1.9,2.4,1.7,0.2,1.1,2.4,11.4,tucketr01
285,Andre Turner,PG,22,BOS,3,0,6.0,0.7,1.7,.400,0.0,0.3,.000,0.7,1.3,.500,.400,0.0,0.0,,0.3,0.3,0.7,0.3,0.0,0.0,1.7,0.3,1.3,turnean01
286,Elston Turner,SF,27,CHI,70,4,13.4,1.6,3.6,.444,0.0,0.1,.125,1.6,3.5,.455,.446,0.3,0.4,.742,0.5,1.2,1.6,1.5,0.4,0.1,0.4,1.4,3.5,turneel01
287,Jeff Turner,PF,24,NJN,76,22,13.2,2.0,4.3,.465,0.0,0.0,.000,2.0,4.3,.466,.465,1.0,1.4,.731,1.1,1.5,2.6,0.8,0.4,0.2,1.1,2.6,5.0,turneje01
288,Melvin Turpin,C,26,CLE,64,1,12.5,2.6,5.7,.462,0.0,0.0,,2.6,5.7,.462,.462,0.9,1.2,.714,1.0,2.0,3.0,0.5,0.2,0.6,1.0,1.4,6.1,turpime01
289,Terry Tyler,SF,30,SAC,82,48,23.5,4.0,8.1,.495,0.0,0.0,.333,4.0,8.1,.496,.496,1.2,1.7,.721,1.4,2.6,4.0,0.9,0.7,1.0,1.0,1.8,9.3,tylerte01
290,Darnell Valentine,PG,27,LAC,65,52,27.1,4.2,10.3,.410,0.2,0.9,.232,4.0,9.5,.426,.420,2.5,3.1,.815,0.6,1.7,2.3,6.9,1.8,0.2,2.6,2.3,11.2,valenda01
291,Kiki Vandeweghe,SF,28,POR,79,79,38.3,10.2,19.6,.523,0.5,1.0,.481,9.7,18.5,.525,.536,5.9,6.7,.886,1.1,2.1,3.2,2.8,0.7,0.2,1.8,1.7,26.9,vandeki01
292,Nick Vanos,C,23,PHO,57,14,11.2,1.1,2.8,.411,0.0,0.0,.000,1.1,2.7,.417,.411,0.7,1.0,.644,1.2,2.0,3.2,0.8,0.3,0.4,0.8,1.6,2.9,vanosni01
293,Pete Verhoeven,PF,27,IND,5,0,8.8,1.0,2.8,.357,0.0,0.0,,1.0,2.8,.357,.357,0.0,0.0,,0.4,1.0,1.4,0.4,0.4,0.2,0.0,2.2,2.0,verhope01
294,Jay Vincent,SF,27,WSB,51,17,27.2,5.4,12.0,.447,0.0,0.1,.000,5.4,12.0,.449,.447,2.5,3.3,.769,1.4,2.8,4.1,1.7,0.8,0.3,1.5,2.5,13.3,vinceja01
295,Sam Vincent,PG,23,BOS,46,5,8.1,1.3,3.0,.441,0.0,0.0,,1.3,3.0,.441,.441,1.1,1.2,.927,0.1,0.5,0.6,1.3,0.3,0.0,0.7,0.7,3.7,vincesa01
296,Danny Vranes,SF,28,PHI,58,6,14.1,1.0,2.4,.428,0.0,0.1,.200,1.0,2.3,.436,.431,0.4,0.8,.467,0.9,1.6,2.5,0.5,0.6,0.4,0.4,2.2,2.4,vraneda01
297,Granville Waiters,C,26,CHI,44,26,12.1,0.9,2.1,.430,0.0,0.0,.000,0.9,2.1,.435,.430,0.1,0.2,.556,0.9,1.1,2.0,0.5,0.2,0.7,0.4,1.9,1.9,waitegr01
298,Darrell Walker,PG,25,DEN,81,25,24.9,4.4,9.2,.482,0.0,0.0,.000,4.4,9.1,.485,.482,3.4,4.5,.745,1.9,2.1,4.0,3.5,1.5,0.5,2.3,2.8,12.2,walkeda01
299,Kenny Walker,SF,22,NYK,68,64,25.3,4.2,8.5,.491,0.0,0.1,.000,4.2,8.5,.494,.491,2.1,2.7,.757,1.7,3.2,5.0,1.1,0.7,0.7,1.1,3.5,10.4,walkeke01
300,Bill Walton*,C,34,BOS,10,0,11.2,1.0,2.6,.385,0.0,0.0,,1.0,2.6,.385,.385,0.8,1.5,.533,1.1,2.0,3.1,0.9,0.1,1.0,1.5,2.3,2.8,waltobi01
301,Chris Washburn,C,21,GSW,35,2,11.0,1.6,4.1,.393,0.0,0.0,.000,1.6,4.1,.396,.393,0.5,1.5,.353,1.0,1.9,2.9,0.5,0.2,0.2,1.1,1.5,3.8,washbch01
302,Pearl Washington,PG,23,NJN,72,61,22.2,3.6,7.5,.478,0.1,0.3,.167,3.5,7.1,.492,.481,1.4,1.7,.784,0.5,1.3,1.8,4.2,1.3,0.1,2.4,2.6,8.6,washipe01
303,Spud Webb,PG,23,ATL,33,0,16.1,2.2,4.9,.438,0.0,0.2,.167,2.1,4.7,.449,.441,2.4,3.2,.762,0.2,1.6,1.8,5.1,1.0,0.1,2.1,2.0,6.8,webbsp01
304,Marvin Webster,C,34,MIL,15,0,6.8,0.7,1.3,.526,0.1,0.1,1.000,0.6,1.2,.500,.553,0.4,0.5,.750,0.8,0.9,1.7,0.2,0.2,0.5,0.5,1.1,1.8,webstma01
305,Scott Wedman,SF,34,BOS,6,2,13.0,1.5,4.5,.333,0.2,0.3,.500,1.3,4.2,.320,.352,0.2,0.3,.500,0.5,1.0,1.5,1.0,0.3,0.3,0.5,1.0,3.3,wedmasc01
306,Bill Wennington,C,23,DAL,58,0,9.7,1.0,2.3,.424,0.0,0.0,.000,1.0,2.2,.431,.424,0.8,1.0,.750,0.9,1.3,2.2,0.4,0.2,0.2,0.7,1.6,2.7,wennibi01
307,Mark West,C,26,CLE,78,13,17.1,2.7,4.9,.543,0.0,0.0,.000,2.7,4.9,.546,.543,1.1,2.2,.514,1.6,2.7,4.3,0.5,0.3,1.0,1.4,2.9,6.5,westma01
308,Ennis Whatley,PG,24,WSB,73,72,24.9,3.4,7.1,.478,0.0,0.0,.000,3.4,7.0,.480,.478,1.7,2.3,.764,0.8,1.9,2.7,5.4,1.3,0.1,1.9,2.4,8.5,whatlen01
309,Rory White,SF,27,LAC,68,35,22.7,3.9,8.1,.480,0.0,0.0,.000,3.9,8.1,.483,.480,1.4,2.1,.653,1.3,1.5,2.9,1.2,0.7,0.3,1.1,2.3,9.2,whitero01
310,Jerome Whitehead,C,30,GSW,73,1,12.8,2.0,4.5,.450,0.0,0.0,.000,2.0,4.5,.451,.450,1.1,1.5,.699,1.5,2.1,3.6,0.3,0.2,0.2,0.7,2.4,5.1,whiteje01
311,Mitchell Wiggins,SG,27,HOU,32,19,24.6,4.8,10.9,.437,0.0,0.2,.000,4.8,10.8,.443,.437,1.5,2.0,.754,2.3,1.8,4.2,2.4,1.4,0.1,1.6,2.6,11.1,wiggimi01
312,Dominique Wilkins*,SF,27,ATL,79,79,37.6,10.5,22.6,.463,0.4,1.3,.292,10.1,21.3,.474,.472,7.7,9.4,.818,2.7,3.6,6.3,3.3,1.5,0.6,2.7,1.9,29.0,wilkido01
313,Eddie Lee Wilkins,PF,24,NYK,24,10,18.9,2.3,5.3,.441,0.0,0.0,.000,2.3,5.3,.444,.441,1.1,2.4,.466,1.9,2.6,4.5,0.3,0.4,0.1,1.2,2.8,5.8,wilkied01
314,Gerald Wilkins,SG,23,NYK,80,73,34.5,7.9,16.3,.486,0.3,0.9,.351,7.6,15.4,.494,.496,2.9,4.2,.701,1.5,2.2,3.7,4.4,1.1,0.2,2.7,2.1,19.1,wilkige01
315,Buck Williams,PF,26,NJN,82,82,36.3,6.4,11.4,.557,0.0,0.0,.000,6.4,11.4,.557,.557,5.2,7.2,.731,3.9,8.5,12.5,1.6,1.0,1.1,3.4,3.8,18.0,willibu01
316,Gus Williams,SG,33,ATL,33,0,14.6,1.6,4.4,.363,0.2,0.5,.278,1.5,3.9,.375,.380,0.8,1.2,.675,0.2,1.0,1.2,4.2,0.5,0.2,1.6,1.6,4.2,willigu01
317,Herb Williams,PF,28,IND,74,67,34.1,6.1,12.7,.480,0.0,0.1,.000,6.1,12.6,.485,.480,2.7,3.6,.740,1.9,5.4,7.3,2.4,0.8,1.3,2.0,3.4,14.9,willihe01
318,Hot Rod Williams,PF,24,CLE,80,80,33.9,5.4,11.2,.485,0.0,0.0,.000,5.4,11.2,.485,.485,3.7,5.0,.745,2.8,5.1,7.9,1.9,0.7,2.1,1.7,2.5,14.6,williho01
319,John Williams,SF,20,WSB,78,6,22.7,3.6,8.0,.454,0.1,0.5,.222,3.5,7.5,.468,.460,1.8,2.9,.646,1.7,3.0,4.7,2.4,1.7,0.4,1.6,2.2,9.2,willijo02
320,Kevin Williams,SG,25,SEA,65,0,10.8,2.0,4.6,.446,0.0,0.1,.000,2.0,4.4,.457,.446,0.8,1.0,.833,0.7,0.6,1.3,1.0,0.7,0.1,1.0,2.4,4.9,willike01
321,Pete Williams,PF,21,DEN,5,0,2.0,0.2,0.4,.500,0.0,0.0,,0.2,0.4,.500,.500,0.0,0.0,,0.0,0.2,0.2,0.2,0.0,0.0,0.2,0.2,0.4,willipe01
322,Ray Williams,PG,32,NJN,32,14,25.0,4.1,9.1,.452,0.2,0.9,.250,3.9,8.2,.473,.464,1.5,1.9,.817,0.8,1.5,2.3,5.8,1.2,0.3,2.9,3.5,9.9,willira01
323,Kevin Willis,PF,24,ATL,81,81,32.4,6.6,12.4,.536,0.0,0.0,.250,6.6,12.3,.538,.537,2.8,4.0,.709,4.0,6.5,10.5,0.8,0.8,0.8,2.1,3.9,16.1,willike02
324,Michael Wilson,SG-PG,27,TOT,7,0,6.4,0.4,1.4,.300,0.0,0.0,,0.4,1.4,.300,.300,0.3,0.3,1.000,0.1,0.4,0.6,1.0,0.1,0.0,0.7,1.4,1.1,wilsomi01
324,Michael Wilson,SG,27,NJN,5,0,8.6,0.6,1.6,.375,0.0,0.0,,0.6,1.6,.375,.375,0.4,0.4,1.000,0.2,0.6,0.8,1.2,0.2,0.0,0.8,1.8,1.6,wilsomi01
324,Michael Wilson,PG,27,ATL,2,0,1.0,0.0,1.0,.000,0.0,0.0,,0.0,1.0,.000,.000,0.0,0.0,,0.0,0.0,0.0,0.5,0.0,0.0,0.5,0.5,0.0,wilsomi01
325,Othell Wilson,PG,25,SAC,53,2,14.9,1.5,3.5,.443,0.1,0.3,.167,1.5,3.2,.473,.451,0.8,1.0,.796,0.5,1.0,1.5,3.9,0.8,0.1,1.5,1.3,4.0,wilsoot01
326,David Wingate,SG,23,PHI,77,9,20.9,3.4,7.8,.430,0.2,0.7,.250,3.2,7.1,.447,.441,1.9,2.6,.741,0.9,1.1,2.0,2.0,1.2,0.2,1.7,2.2,8.8,wingada01
327,Randy Wittman,SG,27,ATL,71,65,28.9,5.6,11.2,.503,0.1,0.2,.333,5.5,11.0,.505,.505,1.4,1.8,.787,0.4,1.3,1.7,3.0,0.5,0.2,1.2,1.5,12.7,wittmra01
328,Al Wood,SG,28,DAL,54,0,12.2,2.2,5.7,.390,0.1,0.5,.280,2.1,5.3,.400,.402,2.0,2.6,.784,0.7,1.0,1.7,0.6,0.4,0.2,0.6,1.5,6.6,woodal01
329,Leon Wood,PG,24,NJN,76,7,22.8,2.5,6.6,.373,0.8,2.6,.300,1.7,4.0,.422,.433,1.6,2.0,.799,0.3,1.3,1.6,4.9,0.6,0.0,1.4,1.7,7.3,woodle01
330,Mike Woodson,SG,28,LAC,74,66,28.7,6.7,15.3,.437,0.5,1.7,.276,6.2,13.6,.457,.452,3.2,3.9,.828,0.9,1.3,2.2,2.6,1.4,0.2,2.3,2.7,17.1,woodsmi01
331,Orlando Woolridge,SF,27,NJN,75,53,35.2,7.4,14.2,.521,0.0,0.1,.125,7.4,14.1,.524,.522,5.8,7.5,.777,1.6,3.3,4.9,3.5,0.7,1.1,2.8,3.2,20.7,woolror01
332,James Worthy*,SF,25,LAL,82,82,34.4,7.9,14.7,.539,0.0,0.2,.000,7.9,14.6,.545,.539,3.6,4.7,.751,1.9,3.8,5.7,2.8,1.3,1.0,2.0,2.5,19.4,worthja01
333,Brad Wright,PF,24,NYK,14,0,9.9,1.4,3.3,.435,0.0,0.1,.000,1.4,3.2,.444,.435,0.9,2.0,.429,1.8,2.0,3.8,0.1,0.2,0.4,0.9,1.4,3.7,wrighbr01
334,Danny Young,PG,24,SEA,73,26,20.3,1.8,3.9,.458,0.4,1.1,.367,1.4,2.9,.493,.509,0.8,1.0,.831,0.3,1.2,1.5,4.8,1.0,0.0,1.2,1.0,4.8,youngda01
335,Perry Young,SG,23,TOT,9,0,8.0,0.7,2.3,.286,0.0,0.0,,0.7,2.3,.286,.286,0.1,0.2,.500,0.3,0.6,0.9,0.8,0.6,0.1,0.4,1.6,1.4,youngpe01
335,Perry Young,SG,23,CHI,5,0,4.0,0.4,0.8,.500,0.0,0.0,,0.4,0.8,.500,.500,0.2,0.4,.500,0.0,0.2,0.2,0.0,0.2,0.0,0.2,0.6,1.0,youngpe01
335,Perry Young,SG,23,POR,4,0,13.0,1.0,4.3,.235,0.0,0.0,,1.0,4.3,.235,.235,0.0,0.0,,0.8,1.0,1.8,1.8,1.0,0.3,0.8,2.8,2.0,youngpe01